ShortReference,Type(s),Polity,Iconic,HasPatronymic,HasGrandFather,HasTitle,Gender,HasDivider,DividerType,HasBorder,BorderType,Orientation,Shape,Material,Perforated,YahwisticName,YahwisticFather,ElohisticName,ElohisticFather,BelongingMark,FiliationMark
WSS 0008,Seal,Judah,TRUE,FALSE,FALSE,TRUE,Male,TRUE,Double-line,TRUE,Double-line,Vertical,Scaraboid,Stone,TRUE,TRUE,UNKNOWN,FALSE,UNKNOWN,TRUE,FALSE
WSS 0035,Seal,Judah,TRUE,TRUE,FALSE,FALSE,Female,FALSE,,TRUE,Single-line,Horizontal,Scaraboid,Organic,TRUE,FALSE,FALSE,TRUE,FALSE,TRUE,TRUE
WSS 0052,Seal,Judah,FALSE,TRUE,FALSE,FALSE,Male,TRUE,Double-line,TRUE,Single-line,Horizontal,Scaraboid,Stone,TRUE,FALSE,FALSE,FALSE,TRUE,TRUE,TRUE
WSS 0059,Seal,Judah,TRUE,TRUE,FALSE,FALSE,Male,TRUE,Double-line,TRUE,Single-line,Vertical,Scarab,Stone,TRUE,FALSE,FALSE,FALSE,FALSE,TRUE,FALSE
WSS 0070,Seal,Judah,FALSE,TRUE,FALSE,FALSE,Male,TRUE,Double-line,TRUE,Single-line,Horizontal,Scaraboid,Stone,TRUE,FALSE,TRUE,TRUE,FALSE,TRUE,TRUE
WSS 0071,Seal,Judah,FALSE,TRUE,FALSE,FALSE,Male,TRUE,Double-line,TRUE,Single-line,Horizontal,Scaraboid,Stone,TRUE,FALSE,TRUE,TRUE,FALSE,TRUE,TRUE
WSS 0072,Seal,Judah,FALSE,TRUE,FALSE,FALSE,Male,TRUE,Lotus-bud,TRUE,Double-line,Horizontal,Scaraboid,Artifical,TRUE,FALSE,TRUE,TRUE,FALSE,TRUE,TRUE
WSS 0094,Seal,Judah,FALSE,TRUE,FALSE,FALSE,Male,TRUE,Double-line,TRUE,Single-line,Square,Square plaque,Stone,TRUE,TRUE,TRUE,FALSE,FALSE,TRUE,FALSE
WSS 0111,Seal,Judah,FALSE,TRUE,TRUE,FALSE,Male,TRUE,Double-line,TRUE,Single-line,Vertical,Scaraboid,Stone,TRUE,TRUE,TRUE,FALSE,FALSE,TRUE,TRUE
WSS 0132,Seal,Judah,FALSE,TRUE,FALSE,FALSE,Male,TRUE,Single-line,TRUE,Single-line,Horizontal,Scaraboid,Stone,TRUE,TRUE,UNKNOWN,FALSE,UNKNOWN,TRUE,UNKNOWN
WSS 0147,Seal,Judah,FALSE,TRUE,FALSE,FALSE,Male,TRUE,Double-line,TRUE,Single-line,Horizontal,Scaraboid,Stone,TRUE,FALSE,FALSE,FALSE,TRUE,TRUE,FALSE
WSS 0150,Seal,Judah,FALSE,TRUE,FALSE,FALSE,Male,TRUE,Double-line,TRUE,Single-line,Horizontal,Scaraboid,Stone,TRUE,FALSE,TRUE,FALSE,FALSE,TRUE,FALSE
WSS 0172,Seal,Judah,FALSE,FALSE,FALSE,FALSE,Male,FALSE,,TRUE,Single-line,Square,Square stamp,Stone,TRUE,FALSE,UNKNOWN,FALSE,UNKNOWN,FALSE,FALSE
WSS 0210,Seal,Judah,FALSE,TRUE,FALSE,FALSE,Male,TRUE,Double-line,TRUE,Single-line,Horizontal,Scaraboid,Stone,TRUE,FALSE,TRUE,TRUE,FALSE,FALSE,FALSE
WSS 0212,Seal,Judah,FALSE,TRUE,FALSE,FALSE,Male,TRUE,Double-line,TRUE,Single-line,Horizontal,Scaraboid,Stone,TRUE,TRUE,TRUE,FALSE,FALSE,TRUE,FALSE
WSS 0220,Seal,Judah,FALSE,TRUE,FALSE,FALSE,Male,TRUE,Elongated rectangle,UNKNOWN,UNKNOWN,Horizontal,Eight-faceted flattened conoid,Stone,TRUE,TRUE,TRUE,FALSE,FALSE,TRUE,TRUE
WSS 0261,Seal,Judah,FALSE,TRUE,FALSE,FALSE,Male,TRUE,Double-line,TRUE,Single-line,Horizontal,Scaraboid,Stone,TRUE,TRUE,TRUE,FALSE,FALSE,TRUE,FALSE
WSS 0293,Seal,Judah,FALSE,TRUE,FALSE,FALSE,Male,TRUE,Double-line,TRUE,Single-line,Horizontal,Polished pebble,Stone,TRUE,TRUE,FALSE,FALSE,FALSE,TRUE,FALSE
WSS 0326,Seal,Judah,FALSE,FALSE,FALSE,FALSE,Male,TRUE,Lotus-bud,TRUE,Single-line,Horizontal,Scaraboid,Stone,TRUE,FALSE,UNKNOWN,FALSE,UNKNOWN,FALSE,FALSE
WSS 0350,Seal,Judah,FALSE,TRUE,FALSE,FALSE,Male,TRUE,Double-line,TRUE,Single-line,Horizontal,Scaraboid,Stone,TRUE,FALSE,FALSE,FALSE,FALSE,TRUE,FALSE
WSS 0360,Seal,Judah,FALSE,TRUE (?),FALSE,FALSE,Male,TRUE,Double-line,TRUE,Single-line,Horizontal,Scaraboid,Stone,TRUE,FALSE,UNKNOWN,FALSE,UNKNOWN,TRUE,FALSE
WSS 0385,Seal,Judah,TRUE,TRUE,FALSE,FALSE,Male,TRUE,Double-line,TRUE,Single-line,Vertical,Scaraboid,Stone,TRUE,TRUE,TRUE,FALSE,FALSE,TRUE,FALSE
WSS 0405,Bulla,Judah,FALSE,FALSE,FALSE,TRUE,Male,TRUE,Double-line,TRUE,Single-line,Horizontal,UNKNOWN,UNKNOWN,UNKNOWN,TRUE,UNKNOWN,FALSE,UNKNOWN,TRUE,FALSE
WSS 0412,Bulla,Judah,FALSE,FALSE,FALSE,TRUE,Male,TRUE,Double-line,TRUE,Single-line,Horizontal,UNKNOWN,UNKNOWN,UNKNOWN,TRUE,UNKNOWN,FALSE,UNKNOWN,TRUE,FALSE
WSS 0416,Bulla,Judah,FALSE,FALSE,FALSE,TRUE,Male,TRUE,TBD,UNKNOWN,UNKNOWN,Horizontal,UNKNOWN,UNKNOWN,UNKNOWN,TRUE,UNKNOWN,FALSE,UNKNOWN,TRUE,UNKNOWN
WSS 0420,Bulla,Judah,FALSE,TRUE,FALSE,TRUE,Male,TRUE,Double-line,UNKNOWN,UNKNOWN,Vertical,UNKNOWN,UNKNOWN,UNKNOWN,FALSE,FALSE,FALSE,FALSE,UNKNOWN,TRUE
WSS 0427,Bulla,Judah,FALSE,TRUE,FALSE,FALSE,Male,TRUE,Single-line,UNKNOWN,UNKNOWN,Horizontal,UNKNOWN,UNKNOWN,UNKNOWN,FALSE,TRUE,FALSE,FALSE,TRUE,TRUE
WSS 0429,Bulla,Judah,FALSE,TRUE,FALSE,FALSE,Male,TRUE,Double-line,UNKNOWN,UNKNOWN,Horizontal,UNKNOWN,UNKNOWN,UNKNOWN,FALSE,TRUE,FALSE,FALSE,TRUE,FALSE
WSS 0437,Bulla,Judah,FALSE,TRUE,FALSE,FALSE,Male,TRUE,Lotus-bud,TRUE,Single-line,Horizontal,UNKNOWN,UNKNOWN,UNKNOWN,FALSE,FALSE,TRUE,FALSE,TRUE,TRUE
WSS 0440,Bulla,Judah,FALSE,TRUE,FALSE,FALSE,Male,TRUE,Double-line,UNKNOWN,UNKNOWN,Horizontal,UNKNOWN,UNKNOWN,UNKNOWN,FALSE,FALSE,TRUE,FALSE,TRUE,TRUE
WSS 0441,Bulla,Judah,FALSE,TRUE,FALSE,FALSE,Male,TRUE,Lotus-bud,UNKNOWN,UNKNOWN,Horizontal,UNKNOWN,UNKNOWN,UNKNOWN,FALSE,FALSE,TRUE,FALSE,TRUE,TRUE
WSS 0447,Bulla,Judah,FALSE,TRUE,FALSE,FALSE,Male,TRUE,Lotus-bud,TRUE,Single-line,Horizontal,UNKNOWN,UNKNOWN,UNKNOWN,FALSE,TRUE,TRUE,FALSE,TRUE,TRUE
WSS 0448,Bulla,Judah,FALSE,TRUE,FALSE,FALSE,Male,TRUE,Double-line,TRUE,Double-line,Horizontal,UNKNOWN,UNKNOWN,UNKNOWN,FALSE,TRUE,TRUE,FALSE,TRUE,TRUE
WSS 0450,Bulla,Judah,FALSE,TRUE,FALSE,FALSE,Male,TRUE,Double-line,TRUE,Single-line,Horizontal,UNKNOWN,UNKNOWN,UNKNOWN,FALSE,TRUE,FALSE,FALSE,TRUE,FALSE
WSS 0458,Bulla,Judah,FALSE,TRUE,FALSE,FALSE,Male,TRUE,Double-line,TRUE,Single-line,Horizontal,UNKNOWN,UNKNOWN,UNKNOWN,FALSE,TRUE,FALSE,FALSE,TRUE,TRUE
WSS 0459,Bulla,Judah,FALSE,TRUE,FALSE,FALSE,Male,TRUE,Double-line,TRUE,Single-line,Horizontal,UNKNOWN,UNKNOWN,UNKNOWN,TRUE,TRUE,FALSE,FALSE,TRUE,TRUE
WSS 0463,Bulla,Judah,FALSE,TRUE,FALSE,FALSE,Male,TRUE,Lotus-bud,TRUE,Single-line,Horizontal,UNKNOWN,UNKNOWN,UNKNOWN,TRUE,UNKNOWN,FALSE,FALSE,TRUE,TRUE
WSS 0464,Bulla,Judah,FALSE,TRUE,FALSE,FALSE,Male,TRUE,Biconcave,TRUE,Double-line,Horizontal,UNKNOWN,UNKNOWN,UNKNOWN,TRUE,UNKNOWN,FALSE,UNKNOWN,TRUE,TRUE
WSS 0466,Bulla,Judah,FALSE,TRUE (?),FALSE,FALSE,Male,TRUE,TBD,UNKNOWN,UNKNOWN,Horizontal,UNKNOWN,UNKNOWN,UNKNOWN,UNKNOWN,UNKNOWN,UNKNOWN,UNKNOWN,TRUE,UNKNOWN
WSS 0467,Bulla,Judah,FALSE,TRUE,FALSE,FALSE,Male,TRUE,Ladder pattern,TRUE,Single-line,Horizontal,UNKNOWN,UNKNOWN,UNKNOWN,TRUE,FALSE,FALSE,FALSE,TRUE,TRUE
WSS 0469,Bulla,Judah,FALSE,TRUE,FALSE,FALSE,Male,TRUE,Double-line,TRUE,Single-line,Horizontal,UNKNOWN,UNKNOWN,UNKNOWN,TRUE,FALSE,FALSE,FALSE,TRUE,TRUE
WSS 0470,Bulla,Judah,FALSE,TRUE,FALSE,FALSE,Male,TRUE,Double-line,TRUE,Double-line,Horizontal,UNKNOWN,UNKNOWN,UNKNOWN,TRUE,FALSE,FALSE,FALSE,TRUE,TRUE
WSS 0474,Bulla,Judah,FALSE,TRUE,FALSE,FALSE,Male,TRUE,Double-line,TRUE,Single-line,Horizontal,UNKNOWN,UNKNOWN,UNKNOWN,TRUE,TRUE,FALSE,FALSE,TRUE,TRUE
WSS 0482,Bulla,Judah,FALSE,UNKNOWN,UNKNOWN,UNKNOWN,Male,TRUE,Double-line,TRUE,Single-line,Horizontal,UNKNOWN,UNKNOWN,UNKNOWN,TRUE,UNKNOWN,FALSE,UNKNOWN,TRUE,FALSE
WSS 0498,Bulla,Judah,FALSE,TRUE,FALSE,FALSE,Male,TRUE,Double-line,TRUE,Single-line,Horizontal,UNKNOWN,UNKNOWN,UNKNOWN,TRUE,FALSE,FALSE,FALSE,TRUE,TRUE
WSS 0500,Bulla,Judah,FALSE,TRUE,FALSE,FALSE,Male,TRUE,Double-line,TRUE,Single-line,Horizontal,UNKNOWN,UNKNOWN,UNKNOWN,FALSE,FALSE,FALSE,TRUE,TRUE,FALSE
WSS 0503,Bulla,Judah,FALSE,TRUE,FALSE,FALSE,Male,TRUE,Double-line,TRUE,Single-line,Horizontal,UNKNOWN,UNKNOWN,UNKNOWN,TRUE,FALSE,FALSE,FALSE,TRUE,TRUE
WSS 0508,Bulla,Judah,FALSE,TRUE,FALSE,FALSE,Male,TRUE,Lotus-bud,UNKNOWN,UNKNOWN,Horizontal,UNKNOWN,UNKNOWN,UNKNOWN,FALSE,FALSE,FALSE,FALSE,TRUE,TRUE
WSS 0509,Bulla,Judah,FALSE,TRUE,FALSE,FALSE,Male,TRUE,Triple-line,UNKNOWN,UNKNOWN,Horizontal,UNKNOWN,UNKNOWN,UNKNOWN,FALSE,FALSE,FALSE,FALSE,TRUE,TRUE
WSS 0510,Bulla,Judah,FALSE,TRUE,FALSE,FALSE,Male,TRUE,Lotus-bud,TRUE,Single-line,Horizontal,UNKNOWN,UNKNOWN,UNKNOWN,UNKNOWN,TRUE,UNKNOWN,FALSE,TRUE,TRUE
WSS 0511,Bulla,Judah,FALSE,TRUE,FALSE,FALSE,Male,TRUE,Lotus-bud,UNKNOWN,UNKNOWN,Horizontal,UNKNOWN,UNKNOWN,UNKNOWN,TRUE,TRUE,FALSE,FALSE,TRUE,TRUE
WSS 0515,Bulla,Judah,FALSE,TRUE,FALSE,FALSE,Male,TRUE,Double-line,TRUE,Single-line,Horizontal,UNKNOWN,UNKNOWN,UNKNOWN,TRUE,FALSE,FALSE,FALSE,TRUE,TRUE
WSS 0518,Bulla,Judah,FALSE,TRUE,FALSE,FALSE,Male,TRUE,Double-line,TRUE,Single-line,Horizontal,UNKNOWN,UNKNOWN,UNKNOWN,TRUE,UNKNOWN,FALSE,UNKNOWN,TRUE,TRUE
WSS 0523,Bulla,Judah,FALSE,TRUE,FALSE,FALSE,Male,TRUE,Double-line,TRUE,Single-line,Horizontal,UNKNOWN,UNKNOWN,UNKNOWN,TRUE,FALSE,TRUE,FALSE,TRUE,FALSE
WSS 0524,Bulla,Judah,FALSE,TRUE,FALSE,FALSE,Male,TRUE,Double-line,UNKNOWN,UNKNOWN,Horizontal,UNKNOWN,UNKNOWN,UNKNOWN,TRUE,TRUE,FALSE,FALSE,TRUE,TRUE
WSS 0530,Bulla,Judah,FALSE,TRUE,TRUE,FALSE,Male,FALSE,,TRUE,Double-line,Horizontal,UNKNOWN,UNKNOWN,UNKNOWN,TRUE,TRUE,FALSE,FALSE,TRUE,TRUE
WSS 0536,Bulla,Judah,FALSE,FALSE,FALSE,FALSE,Male,FALSE,,TRUE,Single-line,Horizontal,UNKNOWN,UNKNOWN,UNKNOWN,FALSE,FALSE,FALSE,UNKNOWN,FALSE,FALSE
WSS 0541,Bulla,Judah,FALSE,TRUE,FALSE,FALSE,Male,TRUE,Double-line,UNKNOWN,UNKNOWN,Horizontal,UNKNOWN,UNKNOWN,UNKNOWN,TRUE,FALSE,FALSE,FALSE,TRUE,TRUE
WSS 0568,Bulla,Judah,FALSE,TRUE,FALSE,FALSE,Male,TRUE,Triple-line,TRUE,Double-line,Horizontal,UNKNOWN,UNKNOWN,UNKNOWN,TRUE,FALSE,FALSE,TRUE,TRUE,FALSE
WSS 0571,Bulla,Judah,FALSE,TRUE,FALSE,FALSE,Male,TRUE,Double-line,TRUE,Single-line,Horizontal,UNKNOWN,UNKNOWN,UNKNOWN,FALSE,TRUE,FALSE,FALSE,TRUE,TRUE
WSS 0573,Bulla,Judah,FALSE,TRUE,FALSE,FALSE,Male,TRUE,Double-line,TRUE,Single-line,Horizontal,UNKNOWN,UNKNOWN,UNKNOWN,FALSE,FALSE,FALSE,FALSE,TRUE,TRUE
WSS 0577,Bulla,Judah,FALSE,TRUE (?),FALSE,FALSE,Male,TRUE,Double-line,UNKNOWN,UNKNOWN,Horizontal,UNKNOWN,UNKNOWN,UNKNOWN,TRUE,UNKNOWN,FALSE,UNKNOWN,TRUE,UNKNOWN
WSS 0581,Bulla,Judah,FALSE,TRUE,FALSE,FALSE,Male,TRUE,Biconcave,TRUE,Double-line,Horizontal,UNKNOWN,UNKNOWN,UNKNOWN,TRUE,TRUE,FALSE,FALSE,TRUE,FALSE
WSS 0586,Bulla,Judah,FALSE,TRUE,FALSE,FALSE,Male,TRUE,Double-line,UNKNOWN,UNKNOWN,Horizontal,UNKNOWN,UNKNOWN,UNKNOWN,UNKNOWN,FALSE,UNKNOWN,FALSE,TRUE,TRUE
WSS 0588,Bulla,Judah,FALSE,TRUE,FALSE,FALSE,Male,TRUE,Double-line,UNKNOWN,UNKNOWN,Horizontal,UNKNOWN,UNKNOWN,UNKNOWN,FALSE,FALSE,FALSE,TRUE,TRUE,TRUE
WSS 0595,Bulla,Judah,FALSE,TRUE,FALSE,FALSE,Male,TRUE,Double-line,TRUE,Single-line,Horizontal,UNKNOWN,UNKNOWN,UNKNOWN,TRUE,UNKNOWN,FALSE,UNKNOWN,TRUE,TRUE
WSS 0596,Bulla,Judah,FALSE,TRUE,FALSE,FALSE,Male,TRUE,Double-line,TRUE,Single-line,Horizontal,UNKNOWN,UNKNOWN,UNKNOWN,TRUE,TRUE,FALSE,FALSE,TRUE,TRUE
WSS 0599,Bulla,Judah,FALSE,TRUE,FALSE,FALSE,Male,TRUE,Double-line,TRUE,Single-line,Horizontal,UNKNOWN,UNKNOWN,UNKNOWN,FALSE,TRUE,FALSE,FALSE,TRUE,FALSE
WSS 0605,Bulla,Judah,FALSE,TRUE,FALSE,FALSE,Male,TRUE,Double-line,UNKNOWN,UNKNOWN,Horizontal,UNKNOWN,UNKNOWN,UNKNOWN,UNKNOWN,TRUE,UNKNOWN,FALSE,TRUE,FALSE
WSS 0626,Bulla,Judah,FALSE,TRUE,FALSE,FALSE,Male,TRUE,Lotus-bud,UNKNOWN,UNKNOWN,Horizontal,UNKNOWN,UNKNOWN,UNKNOWN,TRUE,FALSE,FALSE,FALSE,TRUE,TRUE
WSS 0636,Bulla,Judah,FALSE,TRUE,FALSE,FALSE,Male,TRUE,Lotus-bud,TRUE,Single-line,Horizontal,UNKNOWN,UNKNOWN,UNKNOWN,TRUE,FALSE,FALSE,FALSE,TRUE,TRUE
WSS 0637,Bulla,Judah,FALSE,TRUE,FALSE,FALSE,Male,TRUE,Double-line,UNKNOWN,UNKNOWN,Horizontal,UNKNOWN,UNKNOWN,UNKNOWN,TRUE,TRUE,FALSE,FALSE,TRUE,UNKNOWN
WSS 0638,Bulla,Judah,FALSE,TRUE,FALSE,FALSE,Male,TRUE,Double-line,TRUE,Double-line,Horizontal,UNKNOWN,UNKNOWN,UNKNOWN,TRUE,TRUE,FALSE,FALSE,TRUE,TRUE
WSS 0639,Bulla,Judah,TRUE,FALSE,FALSE,FALSE,Male,FALSE,,UNKNOWN,UNKNOWN,Horizontal,UNKNOWN,UNKNOWN,UNKNOWN,UNKNOWN,UNKNOWN,UNKNOWN,UNKNOWN,TRUE,UNKNOWN
WSS 0643,Bulla,Judah,FALSE,TRUE,FALSE,FALSE,Male,TRUE,Double-line,UNKNOWN,UNKNOWN,Horizontal,UNKNOWN,UNKNOWN,UNKNOWN,TRUE,TRUE,FALSE,FALSE,TRUE,TRUE
WSS 0644,Bulla,Judah,FALSE,TRUE,FALSE,FALSE,Male,TRUE,Double-line,TRUE,Single-line,Horizontal,UNKNOWN,UNKNOWN,UNKNOWN,TRUE,FALSE,FALSE,FALSE,TRUE,TRUE
WSS 0660,Bulla,Judah,FALSE,TRUE,FALSE,FALSE,Male,TRUE,Double-line,UNKNOWN,UNKNOWN,Horizontal,UNKNOWN,UNKNOWN,UNKNOWN,TRUE,FALSE,FALSE,UNKNOWN,UNKNOWN,UNKNOWN
WSS 0661,Bulla,Judah,TRUE,TRUE,FALSE,FALSE,Male,TRUE,Single-line,TRUE,Single-line,Vertical,UNKNOWN,UNKNOWN,UNKNOWN,UNKNOWN,UNKNOWN,UNKNOWN,UNKNOWN,TRUE,FALSE
WSS 0663,Handle,Judah,FALSE,FALSE,FALSE,TRUE,Male,TRUE,Double-line,TRUE,Single-line,Horizontal,UNKNOWN,UNKNOWN,UNKNOWN,FALSE,UNKNOWN,TRUE,FALSE,TRUE,FALSE
WSS 0664,Handle,Judah,FALSE,TRUE,FALSE,FALSE,Female,TRUE,Double-line,TRUE,Single-line,Horizontal,UNKNOWN,UNKNOWN,UNKNOWN,FALSE,TRUE,FALSE,FALSE,TRUE,TRUE
WSS 0665,Handle,Judah,FALSE,TRUE,FALSE,FALSE,Male,TRUE,Single-line,TRUE,Single-line,Horizontal,UNKNOWN,UNKNOWN,UNKNOWN,TRUE,FALSE,FALSE,FALSE,FALSE,FALSE
WSS 0666,Handle,Judah,FALSE,TRUE,FALSE,FALSE,Male,TRUE,Double-line,TRUE,Single-line,?,UNKNOWN,UNKNOWN,UNKNOWN,FALSE,FALSE,FALSE,FALSE,TRUE,FALSE
WSS 0667,Handle,Judah,FALSE,TRUE,FALSE,FALSE,Male,TRUE,Double-line,TRUE,Single-line,Horizontal,UNKNOWN,UNKNOWN,UNKNOWN,FALSE,FALSE,FALSE,FALSE,FALSE,FALSE
WSS 0668,Handle,Judah,FALSE,TRUE,FALSE,FALSE,Male,FALSE,,TRUE,UNKNOWN,?,UNKNOWN,UNKNOWN,UNKNOWN,FALSE,FALSE,FALSE,FALSE,UNKNOWN,UNKNOWN
WSS 0670,Handle,Judah,FALSE,TRUE,FALSE,FALSE,Male,TRUE,Double-line,TRUE,Single-line,Horizontal,UNKNOWN,UNKNOWN,UNKNOWN,FALSE,TRUE,FALSE,FALSE,TRUE,FALSE
WSS 0672,Handle,Judah,FALSE,TRUE,FALSE,FALSE,Male,TRUE,Double-line,TRUE,Single-line,Horizontal,UNKNOWN,UNKNOWN,UNKNOWN,TRUE,FALSE,FALSE,FALSE,UNKNOWN,FALSE
WSS 0673,Handle,Judah,FALSE,TRUE,FALSE,FALSE,Male,TRUE,Double-line,TRUE,Single-line,Horizontal,UNKNOWN,UNKNOWN,UNKNOWN,TRUE,FALSE,TRUE,FALSE,FALSE,FALSE
WSS 0674,Handle,Judah,FALSE,TRUE,FALSE,FALSE,Male,TRUE,Double-line,TRUE,Single-line,Horizontal,UNKNOWN,UNKNOWN,UNKNOWN,FALSE,FALSE,FALSE,FALSE,TRUE,FALSE
WSS 0675,Handle,Judah,FALSE,TRUE,FALSE,FALSE,Male,TRUE,Double-line,TRUE,Single-line,Horizontal,UNKNOWN,UNKNOWN,UNKNOWN,FALSE,UNKNOWN,FALSE,UNKNOWN,FALSE,FALSE
WSS 0676,Handle,Judah,FALSE,TRUE,FALSE,FALSE,Male,TRUE,Single-line,TRUE,Single-line,Horizontal,UNKNOWN,UNKNOWN,UNKNOWN,FALSE,FALSE,FALSE,FALSE,FALSE,FALSE
WSS 0677,Handle,Judah,FALSE,TRUE,FALSE,FALSE,Male,TRUE,Double-line,TRUE,Single-line,Horizontal,UNKNOWN,UNKNOWN,UNKNOWN,FALSE,TRUE,FALSE,FALSE,FALSE,FALSE
WSS 0678,Handle,Judah,FALSE,TRUE,FALSE,FALSE,Male,TRUE,Double-line,TRUE,Single-line,Horizontal,UNKNOWN,UNKNOWN,UNKNOWN,FALSE,TRUE,FALSE,FALSE,TRUE,FALSE
WSS 0679,Handle,Judah,FALSE,TRUE,FALSE,FALSE,Male,TRUE,Double-line,TRUE,Single-line,Horizontal,UNKNOWN,UNKNOWN,UNKNOWN,FALSE,FALSE,FALSE,FALSE,FALSE,FALSE
WSS 0680,Handle,Judah,FALSE,TRUE,FALSE,FALSE,Male,TRUE,Double-line,TRUE,Single-line,Horizontal,UNKNOWN,UNKNOWN,UNKNOWN,FALSE,FALSE,FALSE,TRUE,TRUE,FALSE
WSS 0681,Handle,Judah,FALSE,TRUE,FALSE,FALSE,Male,TRUE,Double-line,TRUE,Single-line,Horizontal,UNKNOWN,UNKNOWN,UNKNOWN,FALSE,TRUE,FALSE,FALSE,TRUE,FALSE
WSS 0682,Handle,Judah,FALSE,TRUE,FALSE,FALSE,Male,TRUE,Double-line,TRUE,Single-line,Horizontal,UNKNOWN,UNKNOWN,UNKNOWN,FALSE,TRUE,FALSE,FALSE,TRUE,FALSE
WSS 0683,Handle,Judah,FALSE,TRUE,FALSE,FALSE,Male,TRUE,Single-line,TRUE,Single-line,Horizontal,UNKNOWN,UNKNOWN,UNKNOWN,UNKNOWN,UNKNOWN,UNKNOWN,FALSE,TRUE,FALSE
WSS 0684,Handle,Judah,FALSE,TRUE,FALSE,FALSE,Male,TRUE,Single-line,TRUE,Single-line,Horizontal,UNKNOWN,UNKNOWN,UNKNOWN,FALSE,FALSE,FALSE,FALSE,TRUE,FALSE
WSS 0685,Handle,Judah,TRUE,FALSE,FALSE,FALSE,Male,FALSE,,UNKNOWN,UNKNOWN,Horizontal,UNKNOWN,UNKNOWN,UNKNOWN,FALSE,UNKNOWN,FALSE,FALSE,TRUE,FALSE
WSS 0686,Handle,Judah,FALSE,TRUE,FALSE,FALSE,Male,TRUE,Double-line,TRUE,Single-line,?,UNKNOWN,UNKNOWN,UNKNOWN,FALSE,FALSE,FALSE,FALSE,TRUE,FALSE
WSS 0687,Handle,Judah,FALSE,TRUE,FALSE,FALSE,Male,TRUE,Double-line,TRUE,Single-line,Horizontal,UNKNOWN,UNKNOWN,UNKNOWN,FALSE,FALSE,FALSE,FALSE,TRUE,FALSE
WSS 0688,Handle,Judah,FALSE,TRUE,FALSE,FALSE,Male,TRUE,Double-line,TRUE,Single-line,?,UNKNOWN,UNKNOWN,UNKNOWN,FALSE,TRUE,FALSE,FALSE,TRUE,FALSE
WSS 0689,Handle,Judah,TRUE,TRUE,FALSE,FALSE,Male,TRUE,Double-line,TRUE,Double-line,Vertical,UNKNOWN,UNKNOWN,UNKNOWN,FALSE,TRUE,FALSE,FALSE,TRUE,FALSE
WSS 0690,Handle,Judah,FALSE,FALSE,FALSE,FALSE,Male,FALSE,,TRUE,Single-line,Horizontal,UNKNOWN,UNKNOWN,UNKNOWN,FALSE,UNKNOWN,FALSE,FALSE,TRUE,FALSE
WSS 0691,Handle,Judah,FALSE,TRUE,FALSE,FALSE,Male,TRUE,Single-line,UNKNOWN,UNKNOWN,Horizontal,UNKNOWN,UNKNOWN,UNKNOWN,FALSE,FALSE,FALSE,FALSE,TRUE,FALSE
WSS 0694,Handle,Judah,FALSE,TRUE,FALSE,FALSE,Male,TRUE,Double-line,TRUE,Single-line,Horizontal,UNKNOWN,UNKNOWN,UNKNOWN,FALSE,FALSE,FALSE,FALSE,TRUE,FALSE
WSS 0695,Handle,Judah,FALSE,TRUE,FALSE,FALSE,Male,TRUE,Double-line,TRUE,Single-line,Horizontal,UNKNOWN,UNKNOWN,UNKNOWN,FALSE,FALSE,FALSE,FALSE,TRUE,FALSE
WSS 0696,Handle,Judah,FALSE,TRUE,FALSE,FALSE,Male,TRUE,Double-line,TRUE,Single-line,Horizontal,UNKNOWN,UNKNOWN,UNKNOWN,FALSE,FALSE,FALSE,FALSE,FALSE,FALSE
WSS 0697,Handle,Judah,FALSE,TRUE,FALSE,FALSE,Male,TRUE,Double-line,TRUE,Single-line,Horizontal,UNKNOWN,UNKNOWN,UNKNOWN,FALSE,FALSE,FALSE,FALSE,FALSE,FALSE
WSS 0698,Handle,Judah,FALSE,TRUE,FALSE,FALSE,Male,TRUE,Double-line,TRUE,Single-line,Horizontal,UNKNOWN,UNKNOWN,UNKNOWN,FALSE,TRUE,FALSE,FALSE,FALSE,FALSE
WSS 0699,Handle,Judah,FALSE,TRUE,FALSE,FALSE,Male,UNKNOWN,UNKNOWN,UNKNOWN,UNKNOWN,Horizontal,UNKNOWN,UNKNOWN,UNKNOWN,FALSE,TRUE,FALSE,FALSE,FALSE,FALSE
WSS 0700,Handle,Judah,FALSE,TRUE,FALSE,FALSE,Male,TRUE,Double-line,TRUE,Single-line,?,UNKNOWN,UNKNOWN,UNKNOWN,FALSE,TRUE,FALSE,FALSE,TRUE,FALSE
WSS 0701,Handle,Judah,FALSE,TRUE,FALSE,FALSE,Male,TRUE,Double-line,TRUE,Single-line,Horizontal,UNKNOWN,UNKNOWN,UNKNOWN,FALSE,FALSE,FALSE,FALSE,TRUE,FALSE
WSS 0702,Handle,Judah,FALSE,TRUE,FALSE,FALSE,Male,TRUE,Double-line,UNKNOWN,UNKNOWN,Horizontal,UNKNOWN,UNKNOWN,UNKNOWN,TRUE,TRUE,FALSE,FALSE,UNKNOWN,FALSE
WSS 0703,Handle,Judah,FALSE,TRUE,FALSE,FALSE,Male,TRUE,Double-line,TRUE,Single-line,Horizontal,UNKNOWN,UNKNOWN,UNKNOWN,TRUE,TRUE,FALSE,FALSE,UNKNOWN,FALSE
WSS 0704,Handle,Judah,FALSE,TRUE,FALSE,FALSE,Male,TRUE,Single-line,TRUE,Single-line,Horizontal,UNKNOWN,UNKNOWN,UNKNOWN,FALSE,FALSE,FALSE,FALSE,TRUE,FALSE
WSS 0705,Handle,Judah,FALSE,TRUE,FALSE,FALSE,Male,FALSE,,TRUE,Single-line,Horizontal,UNKNOWN,UNKNOWN,UNKNOWN,FALSE,FALSE,FALSE,FALSE,TRUE,FALSE
WSS 0706,Handle,Judah,FALSE,TRUE,FALSE,FALSE,Male,TRUE,Double-line,TRUE,Single-line,Horizontal,UNKNOWN,UNKNOWN,UNKNOWN,FALSE,FALSE,FALSE,FALSE,TRUE,FALSE
WSS 0707,Handle,Judah,FALSE,TRUE,FALSE,FALSE,Male,TRUE,Double-line,TRUE,Single-line,?,UNKNOWN,UNKNOWN,UNKNOWN,FALSE,FALSE,FALSE,FALSE,TRUE,FALSE
WSS 0708,Handle,Judah,FALSE,TRUE,FALSE,FALSE,Male,TRUE,Double-line,TRUE,Single-line,?,UNKNOWN,UNKNOWN,UNKNOWN,FALSE,FALSE,FALSE,FALSE,TRUE,FALSE
WSS 0709,Handle,Judah,FALSE,TRUE,FALSE,FALSE,Male,TRUE,Double-line,FALSE,,Horizontal,UNKNOWN,UNKNOWN,UNKNOWN,UNKNOWN,UNKNOWN,UNKNOWN,UNKNOWN,UNKNOWN,UNKNOWN
Ussishkin 2004c: 2138 No. 91,Handle,Judah,UNKNOWN,TRUE,FALSE,FALSE,Male,UNKNOWN,TBD,UNKNOWN,UNKNOWN,Square,,UNKNOWN,UNKNOWN,FALSE,FALSE,FALSE,FALSE,TRUE,FALSE
Seligman 2009. ,Handle,Judah,FALSE,TRUE,FALSE,FALSE,Male,FALSE,,Borderless?,Borderless?,Horizontal,UNKNOWN,UNKNOWN,UNKNOWN,FALSE,TRUE,FALSE,FALSE,FALSE,FALSE
"Barkay and Vaughn 1996, p. 46, no 18, Fig. 22.",Handle,Judah,FALSE,TRUE,FALSE,FALSE,UNKNOWN,TRUE,TBD,TRUE,Single-line,Horizontal,UNKNOWN,UNKNOWN,UNKNOWN,UNKNOWN,UNKNOWN,UNKNOWN,UNKNOWN,UNKNOWN,UNKNOWN
"Koch and Lipschits 2016: 346-347, no 5",Handle,Judah,FALSE,TRUE,FALSE,FALSE,UNKNOWN,TRUE,Double-line,TRUE,Single-line,Horizontal,UNKNOWN,UNKNOWN,UNKNOWN,UNKNOWN,FALSE,UNKNOWN,TRUE,TRUE,UNKNOWN
CSSPI Beth Shemesh 226,Handle,Judah,FALSE,TRUE,FALSE,FALSE,Male,TRUE,Double-line,TRUE,Single-line,Horizontal,UNKNOWN,UNKNOWN,UNKNOWN,FALSE,FALSE,FALSE,FALSE,TRUE,FALSE
"Shai et al. 2014: 129–135, Fig. 5, Tafel 14.",Handle,Judah,FALSE,TRUE,FALSE,FALSE,Male,TRUE,Double-line,TRUE,Single-line,Horizontal,UNKNOWN,UNKNOWN,UNKNOWN,FALSE,FALSE,FALSE,FALSE,TRUE,FALSE
Koch and Lipschits 2016,Handle,Judah,FALSE,TRUE,FALSE,FALSE,Male,TRUE,Single-line,TRUE,Single-line,Horizontal,UNKNOWN,UNKNOWN,UNKNOWN,FALSE,FALSE,FALSE,FALSE,TRUE,FALSE
"Lipschits, O. 2011.",Handle,Judah,FALSE,TRUE,FALSE,FALSE,Male,TRUE,Single-line,TRUE,Single-line?,Horizontal,UNKNOWN,UNKNOWN,UNKNOWN,FALSE,FALSE,FALSE,TRUE,TRUE,FALSE
CSSPI Beth Shemesh 217,Seal,Judah,FALSE,TRUE,FALSE,FALSE,Male,TRUE,Double-line,TRUE,Single-line,Square,Square,Stone,TRUE,FALSE,TRUE,FALSE,FALSE,TRUE,FALSE
CSSPI Beth Shemesh 23,Seal,Judah,FALSE,TRUE,FALSE,FALSE,Male,TRUE,Double-line,TRUE,Single-line,Vertical,Scaraboid,Stone,TRUE,TRUE,FALSE,TRUE,FALSE,TRUE,FALSE
CSSPI Jerusalem 102,Seal,Judah,TRUE,TRUE,FALSE,FALSE,Male,TRUE,Single-line,TRUE,Single-line,Horizontal,Scaraboid,Organic,TRUE,FALSE,FALSE,TRUE,FALSE,TRUE,FALSE
CSSPI Jerusalem 340,Seal,Judah,TRUE,FALSE,FALSE,FALSE,Male,FALSE,,FALSE,,Vertical,Scaraboid,Stone,TRUE,FALSE,FALSE,FALSE,FALSE,TRUE,FALSE
CSSPI Jerusalem 338,Seal,Judah,FALSE,UNKNOWN,FALSE,UNKNOWN,UNKNOWN,TRUE,Double-line,TRUE,Double-line,Horizontal,Scaraboid,Organic,TRUE,UNKNOWN,UNKNOWN,UNKNOWN,UNKNOWN,TRUE,UNKNOWN
CSSPI Jerusalem 337,Seal,Judah,FALSE,TRUE,FALSE,FALSE,Male,TRUE,Double-line,TRUE,Single-line,Vertical,scaraboid,Stone,TRUE,TRUE,FALSE,FALSE,FALSE,TRUE,TRUE
CSSPI Jerusalem 339,Seal,Judah,FALSE,TRUE,FALSE,FALSE,Male,TRUE,Double-line,TRUE,Single-line,Horizontal,Scaraboid,Organic,TRUE,TRUE,FALSE,FALSE,FALSE,TRUE,FALSE
CSSPI Jerusalem 125,Seal,Judah,FALSE,TRUE,FALSE,FALSE,Male,TRUE,Double-line,TRUE,Single-line,Horizontal,Scaraboid,Stone,TRUE,TRUE,FALSE,FALSE,FALSE,TRUE,TRUE
CSSPI Jerusalem 126,Seal,Judah,FALSE,TRUE,FALSE,FALSE,Male,TRUE,Double-line,TRUE,Single-line,Horizontal,Bifacial plaque,Metal,TRUE,FALSE,TRUE,FALSE,FALSE,TRUE,FALSE
CSSPI Jerusalem 127,Seal,Judah,FALSE,TRUE,FALSE,FALSE,Female,TRUE,Double-line,TRUE,Double-line,Horizontal,Scaraboid,Stone,TRUE,TRUE,FALSE,FALSE,FALSE,TRUE,TRUE
CSSPI Jerusalem 521,Bulla,Judah,UNKNOWN,TRUE,FALSE,FALSE,UNKNOWN,TRUE,Double-line,TRUE,Double-line,Vertical,UNKNOWN,UNKNOWN,UNKNOWN,TRUE,FALSE,FALSE,FALSE,UNKNOWN,UNKNOWN
Gadot et al. 2013,Bulla,Judah,FALSE,UNKNOWN,FALSE,UNKNOWN,UNKNOWN,TRUE,Double-line,TRUE,,Horizontal,UNKNOWN,UNKNOWN,UNKNOWN,UNKNOWN,UNKNOWN,UNKNOWN,UNKNOWN,UNKNOWN,UNKNOWN
CSSPI Jerusalem 341,Seal,Judah,TRUE,FALSE,FALSE,FALSE,Male,TRUE,Single-line,,Single-line,Vertical,scaraboid,Stone,FALSE,FALSE,FALSE,FALSE,FALSE,TRUE,FALSE
CSSPI Jerusalem 342,Seal,Judah,FALSE,TRUE,UNKNOWN,FALSE,Male,UNKNOWN,UNKNOWN,TRUE,Double-line,Horizontal,Scaraboid,Organic,TRUE,UNKNOWN,UNKNOWN,UNKNOWN,UNKNOWN,UNKNOWN,TRUE
"Shukron, E. 2012",Seal,Judah,FALSE,TRUE,TRUE,FALSE,Male,TRUE,Double-line,TRUE,Double-line,Vertical,,,TBD,TRUE,UNKNOWN,FALSE,UNKNOWN,TRUE,TRUE
CSSPI Jerusalem 290,Seal,Judah,FALSE,TRUE,FALSE,FALSE,Male,TRUE,Double-line,TRUE,Single-line,Horizontal,Scaraboid,Stone,TRUE,TRUE,FALSE,FALSE,FALSE,TRUE,FALSE
CSSPI Jerusalem 292,Seal,Judah,FALSE,TRUE,FALSE,FALSE,Male,TRUE,Double-line,TRUE,Double-line,Horizontal,Scaraboid,Organic,TRUE,FALSE,TRUE,FALSE,FALSE,TRUE,UNKNOWN
CSSPI Jerusalem 351,Seal,Judah,TRUE,FALSE,FALSE,FALSE,Female,FALSE,,FALSE,,Vertical,Elliptic,Stone,FALSE,FALSE,FALSE,FALSE,FALSE,FALSE,FALSE
"Faust, A. 2011. ",Bulla,Judah,TRUE,TRUE,FALSE,FALSE,Male,TRUE,Double-line,TRUE,?,Vertical,UNKNOWN,UNKNOWN,UNKNOWN,TRUE,FALSE,FALSE,FALSE,TRUE,FALSE
"Lipschits, O. 2011.",Seal,Judah,FALSE,TRUE,FALSE,FALSE,Male,TRUE,Double-line,TRUE,Single-line,Horizontal,Oval,Organic,TRUE,FALSE,FALSE,FALSE,FALSE,FALSE,FALSE
Ben-Ami and Misgav  2016,Seal,Judah,FALSE,TRUE,FALSE,FALSE,Female,TRUE,Rope-pattern ,TRUE,Single-line,Horizontal,Scaraboid?,Stone,TRUE,FALSE,FALSE,FALSE,FALSE,TRUE,TRUE
Ben-Ami and Misgav  2016,Seal,Judah,FALSE,TRUE,FALSE,FALSE,Male,TRUE,Double-line,TRUE,Double-line,Horizontal,?,Stone,TRUE,TRUE,TRUE,FALSE,FALSE,TRUE,TRUE
Vainstub and Ben-Shlomo 2016,Seal,Judah,TRUE,TRUE,FALSE,FALSE,Male,TRUE,Double-line,TRUE,Single-line,Vertical,Oval,Stone,TRUE,TRUE,FALSE,FALSE,FALSE,TRUE,FALSE
CSSPI Jerusalem 294,Bulla,Judah,FALSE,TRUE,FALSE,FALSE,Male,TRUE,Double-line,TRUE,Single-line,Horizontal,UNKNOWN,UNKNOWN,UNKNOWN,TRUE,FALSE,FALSE,FALSE,UNKNOWN,FALSE
Ben-Ami and Tchekhanovets 2010: 70-2,Bulla,Judah,?,TRUE,FALSE,FALSE,Male,TRUE,Double-line,TRUE,,Vertical,UNKNOWN,UNKNOWN,UNKNOWN,FALSE,FALSE,FALSE,FALSE,TRUE,TRUE
"Aharoni 1968, pl 11, no. 7",Bulla,Judah,FALSE,TRUE,UNKNOWN,UNKNOWN,UNKNOWN,FALSE,,FALSE?,Borderless,Horizontal,UNKNOWN,UNKNOWN,UNKNOWN,TRUE,TRUE,FALSE,FALSE,UNKNOWN,UNKNOWN
"Aharoni 1968, pl 11, no. 8",Bulla,Judah,UNKNOWN,UNKNOWN,UNKNOWN,UNKNOWN,UNKNOWN,TRUE,Double-line,TRUE,UNKNOWN,Horizontal,UNKNOWN,UNKNOWN,UNKNOWN,UNKNOWN,UNKNOWN,UNKNOWN,UNKNOWN,UNKNOWN,UNKNOWN
"Aharoni 1968, pl 11, no. 9",Bulla,Judah,FALSE,TRUE,FALSE,FALSE,Male,TRUE,Lotus-bud,TRUE,?,Horizontal,UNKNOWN,UNKNOWN,UNKNOWN,TRUE,UNKNOWN,FALSE,UNKNOWN,UNKNOWN,TRUE
"Aharoni 1968, pl 11, no. 10",Bulla,Judah,FALSE,TRUE,FALSE,FALSE,UNKNOWN,TRUE,Lotus-bud,TRUE,?,Horizontal,UNKNOWN,UNKNOWN,UNKNOWN,TRUE,FALSE,FALSE,FALSE,UNKNOWN,FALSE
"Aharoni 1968, pl 11, no. 11",Bulla,Judah,UNKNOWN,UNKNOWN,UNKNOWN,UNKNOWN,UNKNOWN,TRUE,Lotus-bud,TRUE,UNKNOWN,Horizontal,UNKNOWN,UNKNOWN,UNKNOWN,UNKNOWN,UNKNOWN,UNKNOWN,UNKNOWN,UNKNOWN,UNKNOWN
"Aharoni 1968, pl 11, no. 12",Bulla,Judah,FALSE,TRUE,FALSE,FALSE,Male,TRUE,TBD,TRUE,?,Horizontal,UNKNOWN,UNKNOWN,UNKNOWN,TRUE,UNKNOWN,FALSE,UNKNOWN,TRUE,UNKNOWN
"Aharoni 1968, pl 11, no. 13",Bulla,Judah,FALSE,UNKNOWN,UNKNOWN,UNKNOWN,UNKNOWN,TRUE,TBD,TRUE,?,Horizontal,UNKNOWN,UNKNOWN,UNKNOWN,UNKNOWN,UNKNOWN,UNKNOWN,UNKNOWN,UNKNOWN,UNKNOWN
"Mazar & Livyatan Ben-Arie 2015, n. B1",Bulla,Judah,FALSE,TRUE,FALSE,UNKNOWN,UNKNOWN,TRUE,Double-line,TRUE,Single-line,Horizontal,UNKNOWN,UNKNOWN,UNKNOWN,UNKNOWN,UNKNOWN,UNKNOWN,UNKNOWN,UNKNOWN,UNKNOWN
"Mazar & Livyatan Ben-Arie 2015, n. B3",Bulla,Judah,FALSE,TRUE,FALSE,FALSE,Male,TRUE,Double-line,,Double-line,Horizontal,UNKNOWN,UNKNOWN,UNKNOWN,FALSE,FALSE,UNKNOWN,FALSE,UNKNOWN,FALSE
"Mazar & Livyatan Ben-Arie 2015, n. B4",Bulla,Judah,FALSE,TRUE,FALSE,FALSE,Male,TRUE,Double-line,TRUE,Single-line,Horizontal,UNKNOWN,UNKNOWN,UNKNOWN,TRUE,FALSE,FALSE,FALSE,TRUE,TRUE
"Mazar & Livyatan Ben-Arie 2015, n. B5",Bulla,Judah,FALSE,TRUE,FALSE,FALSE,Male,TRUE,Lotus-bud,,Single-line,Horizontal,UNKNOWN,UNKNOWN,UNKNOWN,TRUE,TRUE,FALSE,FALSE,UNKNOWN,TRUE
"Mazar & Livyatan Ben-Arie 2015, n. B6",Bulla,Judah,UNKNOWN,UNKNOWN,UNKNOWN,UNKNOWN,Male,TRUE,Ladder pattern,UNKNOWN,UNKNOWN,?,UNKNOWN,UNKNOWN,UNKNOWN,FALSE,FALSE,UNKNOWN,UNKNOWN,UNKNOWN,UNKNOWN
"Mazar & Livyatan Ben-Arie 2015, n. B7",Bulla,Judah,FALSE,TRUE,FALSE,FALSE,UNKNOWN,TRUE,Double-line,TRUE,Double-line,Horizontal,UNKNOWN,UNKNOWN,UNKNOWN,UNKNOWN,TRUE,UNKNOWN,FALSE,UNKNOWN,UNKNOWN
"Mazar & Livyatan Ben-Arie 2015, n. B8",Bulla,Judah,FALSE,TRUE,FALSE,FALSE,,TRUE,Double-line,TRUE,Double-line,Horizontal,UNKNOWN,UNKNOWN,UNKNOWN,TRUE,FALSE,FALSE,FALSE,TRUE,TRUE
"Mazar & Livyatan Ben-Arie 2015, n. B9",Bulla,Judah,FALSE,TRUE,TRUE,FALSE,Male,FALSE,,FALSE,,Horizontal,UNKNOWN,UNKNOWN,UNKNOWN,TRUE,TRUE,FALSE,FALSE,TRUE,TRUE
"Mazar & Livyatan Ben-Arie 2015, n. B10",Bulla,Judah,UNKNOWN,TRUE,UNKNOWN,UNKNOWN,UNKNOWN,TRUE,Double-line,UNKNOWN,UNKNOWN,UNKNOWN,UNKNOWN,UNKNOWN,UNKNOWN,UNKNOWN,UNKNOWN,UNKNOWN,UNKNOWN,UNKNOWN,UNKNOWN
"Mazar & Livyatan Ben-Arie 2015, n. B11",Bulla,Judah,UNKNOWN,FALSE,FALSE,TRUE,Male,TRUE,Double-line,TRUE,Single-line,Horizontal,UNKNOWN,UNKNOWN,UNKNOWN,FALSE,FALSE,UNKNOWN,UNKNOWN,TRUE,FALSE
"Mazar & Livyatan Ben-Arie 2015, n. B12",Bulla,Judah,FALSE,TRUE,FALSE,FALSE,UNKNOWN,TRUE,Double-line,UNKNOWN,UNKNOWN,Horizontal,UNKNOWN,UNKNOWN,UNKNOWN,UNKNOWN,UNKNOWN,UNKNOWN,UNKNOWN,UNKNOWN,UNKNOWN
"Mazar & Livyatan Ben-Arie 2015, n. B13",Bulla,Judah,FALSE,TRUE,UNKNOWN,UNKNOWN,Male,TBD,TBD,TRUE,Double-line,?,UNKNOWN,UNKNOWN,UNKNOWN,TRUE,UNKNOWN,FALSE,UNKNOWN,TRUE,FALSE
"Mazar & Livyatan Ben-Arie 2015, n. B14",Bulla,Judah,FALSE,TRUE,FALSE,FALSE,Male,TRUE,Double-line,TRUE,Single-line,Horizontal,UNKNOWN,UNKNOWN,UNKNOWN,FALSE,FALSE,FALSE,TRUE,TRUE,TRUE
"Mazar & Livyatan Ben-Arie 2015, n. B15",Bulla,Judah,FALSE,TRUE,FALSE,FALSE,Male,TRUE,Lotus-bud,,Single-line,Horizontal,UNKNOWN,UNKNOWN,UNKNOWN,FALSE,FALSE,FALSE,TRUE,TRUE,TRUE
"Mazar & Livyatan Ben-Arie 2015, n. B16",Bulla,Judah,FALSE,TRUE,FALSE,FALSE,Male,TRUE,Double-line,UNKNOWN,UNKNOWN,Horizontal,UNKNOWN,UNKNOWN,UNKNOWN,UNKNOWN,UNKNOWN,FALSE,UNKNOWN,TRUE,UNKNOWN
"Mazar & Livyatan Ben-Arie 2015, n. B17",Bulla,Judah,UNKNOWN,UNKNOWN,UNKNOWN,UNKNOWN,UNKNOWN,TBD,TBD,,Single-line,UNKNOWN,UNKNOWN,UNKNOWN,UNKNOWN,UNKNOWN,UNKNOWN,UNKNOWN,UNKNOWN,UNKNOWN,UNKNOWN
"Mazar & Livyatan Ben-Arie 2015, n. B18",Bulla,Judah,UNKNOWN,TRUE,UNKNOWN,FALSE,UNKNOWN,TRUE,Double-line,,Double-line,UNKNOWN,UNKNOWN,UNKNOWN,UNKNOWN,UNKNOWN,UNKNOWN,UNKNOWN,UNKNOWN,UNKNOWN,UNKNOWN
"Mazar & Livyatan Ben-Arie 2015, n. B19",Bulla,Judah,UNKNOWN,TRUE,UNKNOWN,FALSE,UNKNOWN,TRUE,Double-line,UNKNOWN,UNKNOWN,UNKNOWN,UNKNOWN,UNKNOWN,UNKNOWN,UNKNOWN,UNKNOWN,UNKNOWN,UNKNOWN,UNKNOWN,UNKNOWN
"Mazar & Livyatan Ben-Arie 2015, n. B20",Bulla,Judah,FALSE,TRUE,FALSE,FALSE,Male,TRUE,Triple-line,,Double-line,Horizontal,UNKNOWN,UNKNOWN,UNKNOWN,UNKNOWN,UNKNOWN,FALSE,UNKNOWN,TRUE,UNKNOWN
"Mazar & Livyatan Ben-Arie 2015, n. B21",Bulla,Judah,UNKNOWN,UNKNOWN,UNKNOWN,UNKNOWN,UNKNOWN,TRUE,Double-line,UNKNOWN,UNKNOWN,Horizontal,UNKNOWN,UNKNOWN,UNKNOWN,UNKNOWN,UNKNOWN,UNKNOWN,UNKNOWN,TRUE,UNKNOWN
"Mazar & Livyatan Ben-Arie 2015, n. B22",Bulla,Judah,UNKNOWN,TRUE,UNKNOWN,FALSE,Male,TBD,TBD,TRUE,Single-line,UNKNOWN,UNKNOWN,UNKNOWN,UNKNOWN,UNKNOWN,UNKNOWN,UNKNOWN,UNKNOWN,UNKNOWN,TRUE
"Mazar & Livyatan Ben-Arie 2015, n. B23",Bulla,Judah,UNKNOWN,TRUE,UNKNOWN,FALSE,UNKNOWN,TRUE,Double-line,UNKNOWN,UNKNOWN,UNKNOWN,UNKNOWN,UNKNOWN,UNKNOWN,UNKNOWN,UNKNOWN,UNKNOWN,UNKNOWN,UNKNOWN,UNKNOWN
"Mazar & Livyatan Ben-Arie 2015, n. B24",Bulla,Judah,UNKNOWN,UNKNOWN,UNKNOWN,UNKNOWN,UNKNOWN,TRUE,Double-line,UNKNOWN,UNKNOWN,UNKNOWN,UNKNOWN,UNKNOWN,UNKNOWN,UNKNOWN,UNKNOWN,UNKNOWN,UNKNOWN,TRUE,UNKNOWN
"Mazar & Livyatan Ben-Arie 2015, n. B25",Bulla,Judah,UNKNOWN,UNKNOWN,UNKNOWN,UNKNOWN,UNKNOWN,TRUE,Single-line,UNKNOWN,UNKNOWN,UNKNOWN,UNKNOWN,UNKNOWN,UNKNOWN,UNKNOWN,UNKNOWN,UNKNOWN,UNKNOWN,UNKNOWN,UNKNOWN
"Mazar & Livyatan Ben-Arie 2015, n. B26",Bulla,Judah,UNKNOWN,UNKNOWN,UNKNOWN,UNKNOWN,UNKNOWN,UNKNOWN,UNKNOWN,TRUE,Single-line,UNKNOWN,UNKNOWN,UNKNOWN,UNKNOWN,UNKNOWN,UNKNOWN,UNKNOWN,UNKNOWN,UNKNOWN,UNKNOWN
"Mazar & Livyatan Ben-Arie 2015, n. B27",Bulla,Judah,FALSE,UNKNOWN,UNKNOWN,UNKNOWN,Male,TRUE,Double-line,UNKNOWN,UNKNOWN,Horizontal,UNKNOWN,UNKNOWN,UNKNOWN,UNKNOWN,UNKNOWN,UNKNOWN,UNKNOWN,UNKNOWN,TRUE
"Mazar & Livyatan Ben-Arie 2015, n. B28",Bulla,Judah,UNKNOWN,UNKNOWN,UNKNOWN,UNKNOWN,UNKNOWN,TRUE,Double-line,,Single-line,Horizontal,UNKNOWN,UNKNOWN,UNKNOWN,UNKNOWN,UNKNOWN,UNKNOWN,UNKNOWN,FALSE,UNKNOWN
"Mazar & Livyatan Ben-Arie 2015, n. B29",Bulla,Judah,UNKNOWN,UNKNOWN,UNKNOWN,UNKNOWN,UNKNOWN,TRUE,Double-line,UNKNOWN,UNKNOWN,UNKNOWN,UNKNOWN,UNKNOWN,UNKNOWN,UNKNOWN,UNKNOWN,UNKNOWN,UNKNOWN,UNKNOWN,UNKNOWN
"Mazar & Livyatan Ben-Arie 2015, n. B30",Bulla,Judah,UNKNOWN,UNKNOWN,UNKNOWN,UNKNOWN,UNKNOWN,UNKNOWN,UNKNOWN,TRUE,Double-line,UNKNOWN,UNKNOWN,UNKNOWN,UNKNOWN,UNKNOWN,UNKNOWN,UNKNOWN,UNKNOWN,UNKNOWN,UNKNOWN
"Mazar & Livyatan Ben-Arie 2015, n. B31",Bulla,Judah,UNKNOWN,UNKNOWN,UNKNOWN,UNKNOWN,UNKNOWN,UNKNOWN,UNKNOWN,TRUE,Single-line,UNKNOWN,UNKNOWN,UNKNOWN,UNKNOWN,UNKNOWN,UNKNOWN,UNKNOWN,UNKNOWN,TRUE,UNKNOWN
"Mazar & Livyatan Ben-Arie 2015, n. B32",Bulla,Judah,UNKNOWN,UNKNOWN,UNKNOWN,UNKNOWN,UNKNOWN,UNKNOWN,UNKNOWN,UNKNOWN,UNKNOWN,UNKNOWN,UNKNOWN,UNKNOWN,UNKNOWN,UNKNOWN,UNKNOWN,UNKNOWN,UNKNOWN,UNKNOWN,UNKNOWN
"Mazar & Livyatan Ben-Arie 2015, n. B33",Bulla,Judah,UNKNOWN,UNKNOWN,UNKNOWN,UNKNOWN,UNKNOWN,TRUE,Double-line,,Single-line,UNKNOWN,UNKNOWN,UNKNOWN,UNKNOWN,UNKNOWN,UNKNOWN,UNKNOWN,UNKNOWN,UNKNOWN,UNKNOWN
"Mazar & Livyatan Ben-Arie 2015, n. B34",Bulla,Judah,UNKNOWN,UNKNOWN,UNKNOWN,UNKNOWN,UNKNOWN,UNKNOWN,UNKNOWN,,Double-line,UNKNOWN,UNKNOWN,UNKNOWN,UNKNOWN,UNKNOWN,UNKNOWN,UNKNOWN,UNKNOWN,TRUE,UNKNOWN
"Mazar & Livyatan Ben-Arie 2015, n. B35",Bulla,Judah,FALSE,UNKNOWN,UNKNOWN,UNKNOWN,UNKNOWN,TRUE,Double-line,UNKNOWN,UNKNOWN,Horizontal,UNKNOWN,UNKNOWN,UNKNOWN,UNKNOWN,UNKNOWN,UNKNOWN,UNKNOWN,TRUE,UNKNOWN
"Mazar & Livyatan Ben-Arie 2015, n. B36",Bulla,Judah,UNKNOWN,UNKNOWN,UNKNOWN,UNKNOWN,UNKNOWN,TRUE,Double-line,UNKNOWN,UNKNOWN,UNKNOWN,UNKNOWN,UNKNOWN,UNKNOWN,UNKNOWN,UNKNOWN,UNKNOWN,UNKNOWN,UNKNOWN,UNKNOWN
"Mazar & Livyatan Ben-Arie 2015, n. B37",Bulla,Judah,FALSE,TRUE,TRUE,UNKNOWN,Male,UNKNOWN,UNKNOWN,UNKNOWN,UNKNOWN,UNKNOWN,UNKNOWN,UNKNOWN,UNKNOWN,TRUE,TRUE,FALSE,FALSE,UNKNOWN,TRUE
"Mazar & Livyatan Ben-Arie 2015, n. B38",Bulla,Judah,UNKNOWN,UNKNOWN,UNKNOWN,UNKNOWN,UNKNOWN,UNKNOWN,UNKNOWN,TRUE,Single-line,UNKNOWN,UNKNOWN,UNKNOWN,UNKNOWN,UNKNOWN,UNKNOWN,UNKNOWN,UNKNOWN,UNKNOWN,UNKNOWN
"Mazar & Livyatan Ben-Arie 2015, n. B39",Bulla,Judah,UNKNOWN,UNKNOWN,UNKNOWN,UNKNOWN,UNKNOWN,TRUE,Double-line,TRUE,Single-line,UNKNOWN,UNKNOWN,UNKNOWN,UNKNOWN,UNKNOWN,UNKNOWN,UNKNOWN,UNKNOWN,UNKNOWN,UNKNOWN
"Mazar & Livyatan Ben-Arie 2015, n. B40",Bulla,Judah,UNKNOWN,UNKNOWN,UNKNOWN,UNKNOWN,UNKNOWN,UNKNOWN,UNKNOWN,,Single-line,UNKNOWN,UNKNOWN,UNKNOWN,UNKNOWN,UNKNOWN,UNKNOWN,UNKNOWN,UNKNOWN,UNKNOWN,UNKNOWN
"Mazar & Livyatan Ben-Arie 2015, n. B41",Bulla,Judah,UNKNOWN,UNKNOWN,UNKNOWN,UNKNOWN,UNKNOWN,TRUE,Ladder pattern,TRUE,Single-line,UNKNOWN,UNKNOWN,UNKNOWN,UNKNOWN,UNKNOWN,UNKNOWN,UNKNOWN,UNKNOWN,UNKNOWN,UNKNOWN
"Mazar & Livyatan Ben-Arie 2015, n. B42",Bulla,Judah,UNKNOWN,UNKNOWN,UNKNOWN,UNKNOWN,UNKNOWN,TRUE,Double-line,,Single-line,UNKNOWN,UNKNOWN,UNKNOWN,UNKNOWN,UNKNOWN,UNKNOWN,UNKNOWN,UNKNOWN,UNKNOWN,UNKNOWN
"Mazar & Livyatan Ben-Arie 2015, n. B43",Bulla,Judah,UNKNOWN,UNKNOWN,UNKNOWN,UNKNOWN,UNKNOWN,TRUE,Double-line,UNKNOWN,UNKNOWN,UNKNOWN,UNKNOWN,UNKNOWN,UNKNOWN,UNKNOWN,UNKNOWN,UNKNOWN,UNKNOWN,UNKNOWN,UNKNOWN
"Mazar & Livyatan Ben-Arie 2015, n. B44",Bulla,Judah,FALSE,TRUE,FALSE,FALSE,Male,TRUE,Double-line,UNKNOWN,UNKNOWN,Horizontal,UNKNOWN,UNKNOWN,UNKNOWN,UNKNOWN,TRUE,UNKNOWN,FALSE,UNKNOWN,TRUE
"Mazar & Livyatan Ben-Arie 2015, n. B45",Bulla,Judah,UNKNOWN,UNKNOWN,UNKNOWN,UNKNOWN,UNKNOWN,UNKNOWN,UNKNOWN,UNKNOWN,UNKNOWN,UNKNOWN,UNKNOWN,UNKNOWN,UNKNOWN,UNKNOWN,UNKNOWN,UNKNOWN,UNKNOWN,UNKNOWN,UNKNOWN
"Mazar & Livyatan Ben-Arie 2015, n. B46",Bulla,Judah,UNKNOWN,UNKNOWN,UNKNOWN,UNKNOWN,UNKNOWN,TRUE,Double-line,UNKNOWN,UNKNOWN,UNKNOWN,UNKNOWN,UNKNOWN,UNKNOWN,UNKNOWN,UNKNOWN,UNKNOWN,UNKNOWN,UNKNOWN,UNKNOWN
"Mazar & Livyatan Ben-Arie 2015, n. B47",Bulla,Judah,UNKNOWN,UNKNOWN,UNKNOWN,UNKNOWN,UNKNOWN,TRUE,Double-line,UNKNOWN,UNKNOWN,UNKNOWN,UNKNOWN,UNKNOWN,UNKNOWN,UNKNOWN,UNKNOWN,UNKNOWN,UNKNOWN,UNKNOWN,UNKNOWN
"Mazar & Livyatan Ben-Arie 2015, n. B48",Bulla,Judah,FALSE,UNKNOWN,UNKNOWN,UNKNOWN,UNKNOWN,TRUE,Double-line,,Single-line,Vertical,UNKNOWN,UNKNOWN,UNKNOWN,UNKNOWN,UNKNOWN,UNKNOWN,UNKNOWN,TRUE,UNKNOWN
"Mazar & Livyatan Ben-Arie 2015, n. B49",Bulla,Judah,FALSE,TRUE,UNKNOWN,FALSE,UNKNOWN,TRUE,Double-line,TRUE,Single-line,Horizontal,UNKNOWN,UNKNOWN,UNKNOWN,UNKNOWN,UNKNOWN,UNKNOWN,UNKNOWN,UNKNOWN,UNKNOWN
"Mazar & Livyatan Ben-Arie 2015, n. B50",Bulla,Judah,UNKNOWN,TRUE,FALSE,FALSE,UNKNOWN,TRUE,Double-line,UNKNOWN,UNKNOWN,UNKNOWN,UNKNOWN,UNKNOWN,UNKNOWN,UNKNOWN,UNKNOWN,UNKNOWN,UNKNOWN,UNKNOWN,UNKNOWN
"Mazar & Livyatan Ben-Arie 2015, n. B51",Bulla,Judah,UNKNOWN,UNKNOWN,UNKNOWN,UNKNOWN,UNKNOWN,UNKNOWN,UNKNOWN,TRUE,Single-line,UNKNOWN,UNKNOWN,UNKNOWN,UNKNOWN,UNKNOWN,UNKNOWN,UNKNOWN,UNKNOWN,UNKNOWN,UNKNOWN
"Mazar & Livyatan Ben-Arie 2015, n. B52",Bulla,Judah,UNKNOWN,UNKNOWN,UNKNOWN,UNKNOWN,UNKNOWN,TRUE,Double-line,TRUE,Single-line,Horizontal,UNKNOWN,UNKNOWN,UNKNOWN,UNKNOWN,UNKNOWN,UNKNOWN,UNKNOWN,UNKNOWN,UNKNOWN
"Mazar & Livyatan Ben-Arie 2015, n. B53",Bulla,Judah,UNKNOWN,UNKNOWN,UNKNOWN,UNKNOWN,UNKNOWN,TRUE,Double-line,TRUE,Single-line,UNKNOWN,UNKNOWN,UNKNOWN,UNKNOWN,UNKNOWN,UNKNOWN,UNKNOWN,UNKNOWN,UNKNOWN,UNKNOWN
"Mazar & Livyatan Ben-Arie 2015, n. B59",Bulla,Judah,TRUE,FALSE,FALSE,FALSE,Female,FALSE,,TRUE,Single-line,Horizontal,UNKNOWN,UNKNOWN,UNKNOWN,FALSE,FALSE,FALSE,FALSE,TRUE,FALSE
"Mazar & Livyatan Ben-Arie 2015, n. B62",Bulla,Judah,TRUE,UNKNOWN,UNKNOWN,UNKNOWN,UNKNOWN,UNKNOWN,UNKNOWN,UNKNOWN,UNKNOWN,UNKNOWN,UNKNOWN,UNKNOWN,UNKNOWN,UNKNOWN,UNKNOWN,UNKNOWN,UNKNOWN,UNKNOWN,UNKNOWN
"Mazar & Livyatan Ben-Arie 2015, n. B63",Bulla,Judah,UNKNOWN,UNKNOWN,UNKNOWN,UNKNOWN,UNKNOWN,UNKNOWN,UNKNOWN,UNKNOWN,UNKNOWN,UNKNOWN,UNKNOWN,UNKNOWN,UNKNOWN,UNKNOWN,UNKNOWN,UNKNOWN,UNKNOWN,UNKNOWN,UNKNOWN
"Mazar & Livyatan Ben-Arie 2015, n. B64",Bulla,Judah,UNKNOWN,UNKNOWN,UNKNOWN,UNKNOWN,UNKNOWN,TRUE,Double-line,UNKNOWN,UNKNOWN,UNKNOWN,UNKNOWN,UNKNOWN,UNKNOWN,UNKNOWN,UNKNOWN,UNKNOWN,UNKNOWN,UNKNOWN,UNKNOWN
"Mazar & Livyatan Ben-Arie 2015, n. B65",Bulla,Judah,TRUE,UNKNOWN,UNKNOWN,UNKNOWN,UNKNOWN,FALSE,,TRUE,Double-line,?,UNKNOWN,UNKNOWN,UNKNOWN,UNKNOWN,UNKNOWN,UNKNOWN,UNKNOWN,UNKNOWN,UNKNOWN
"Mazar & Livyatan Ben-Arie 2018, n. B1",Bulla,Judah,TRUE,TRUE,FALSE,TRUE,Male,FALSE,,TRUE,Triple-line,Horizontal,UNKNOWN,UNKNOWN,UNKNOWN,TRUE,FALSE,FALSE,FALSE,TRUE,FALSE
"Mazar & Livyatan Ben-Arie 2018, n. B2",Bulla,Judah,FALSE,TRUE,TRUE,FALSE,Male,TRUE,Double-line,UNKNOWN,UNKNOWN,Vertical,UNKNOWN,UNKNOWN,UNKNOWN,FALSE,FALSE,TRUE,FALSE,TRUE,TRUE
"Mazar & Livyatan Ben-Arie 2018, n. B5",Bulla,Judah,FALSE,TRUE,TRUE,FALSE,Male,FALSE,,TRUE,?,Vertical,UNKNOWN,UNKNOWN,UNKNOWN,FALSE,UNKNOWN,FALSE,UNKNOWN,TRUE,TRUE
"Mazar & Livyatan Ben-Arie 2018, n. B6",Bulla,Judah,UNKNOWN,UNKNOWN,UNKNOWN,FALSE,Male,TRUE,TBD,TBD,TBD,TBD,UNKNOWN,UNKNOWN,UNKNOWN,UNKNOWN,UNKNOWN,UNKNOWN,UNKNOWN,UNKNOWN,TRUE
"Mazar & Livyatan Ben-Arie 2018, n. B7",Bulla,Judah,UNKNOWN,UNKNOWN,UNKNOWN,FALSE,Male,UNKNOWN,UNKNOWN,TBD,TBD,TBD,UNKNOWN,UNKNOWN,UNKNOWN,UNKNOWN,UNKNOWN,UNKNOWN,UNKNOWN,UNKNOWN,TRUE
"Mazar & Livyatan Ben-Arie 2018, n. B8",Bulla,Judah,UNKNOWN,UNKNOWN,UNKNOWN,FALSE,Male,TRUE,TBD,TBD,TBD,TBD,UNKNOWN,UNKNOWN,UNKNOWN,UNKNOWN,UNKNOWN,UNKNOWN,UNKNOWN,UNKNOWN,TRUE
"Mazar & Livyatan Ben-Arie 2018, n. B9",Bulla,Judah,FALSE,TRUE,FALSE,FALSE,Male,TRUE,Double-line,TRUE,Single-line,Horizontal,UNKNOWN,UNKNOWN,UNKNOWN,TRUE,TRUE,FALSE,FALSE,TRUE,FALSE
"Mazar & Livyatan Ben-Arie 2018, n. B10",Bulla,Judah,FALSE,TRUE,FALSE,FALSE,Male,TRUE,Double-line,TRUE,,Horizontal,UNKNOWN,UNKNOWN,UNKNOWN,TRUE,TRUE,FALSE,FALSE,TRUE,FALSE
"Mazar & Livyatan Ben-Arie 2018, n. B11",Bulla,Judah,TRUE,FALSE,FALSE,FALSE,Male,TRUE,Single-line,TRUE,,Vertical,UNKNOWN,UNKNOWN,UNKNOWN,FALSE,FALSE,FALSE,FALSE,TRUE,FALSE
"Mazar & Livyatan Ben-Arie 2018, n. B12",Bulla,Judah,TRUE,TRUE,FALSE,FALSE,Male,TRUE,Double-line,TRUE,Double-line,Vertical,UNKNOWN,UNKNOWN,UNKNOWN,TRUE,FALSE,FALSE,FALSE,TRUE,FALSE
"Mazar and Livyatan Ben-Arie 2018, n. B13",Bulla,Judah,FALSE,TRUE,FALSE,FALSE,UNKNOWN,TRUE,Double-line,UNKNOWN,UNKNOWN,Horizontal,UNKNOWN,UNKNOWN,UNKNOWN,UNKNOWN,TRUE,UNKNOWN,FALSE,UNKNOWN,UNKNOWN
"Mazar and Livyatan Ben-Arie 2018, n. B14",Bulla,Judah,UNKNOWN,UNKNOWN,UNKNOWN,UNKNOWN,UNKNOWN,UNKNOWN,UNKNOWN,TRUE,Ladder design,UNKNOWN,UNKNOWN,UNKNOWN,UNKNOWN,UNKNOWN,UNKNOWN,UNKNOWN,UNKNOWN,UNKNOWN,UNKNOWN
"Mazar and Livyatan Ben-Arie 2018, n. B15",Bulla,Judah,FALSE,UNKNOWN,FALSE,UNKNOWN,Male,TRUE,Double-line,TRUE,,Horizontal,UNKNOWN,UNKNOWN,UNKNOWN,UNKNOWN,UNKNOWN,UNKNOWN,UNKNOWN,TRUE,UNKNOWN
"Mazar and Livyatan Ben-Arie 2018, n. B16",Bulla,Judah,UNKNOWN,UNKNOWN,UNKNOWN,UNKNOWN,UNKNOWN,UNKNOWN,UNKNOWN,UNKNOWN,UNKNOWN,UNKNOWN,UNKNOWN,UNKNOWN,UNKNOWN,UNKNOWN,UNKNOWN,UNKNOWN,UNKNOWN,TRUE,UNKNOWN
"Mazar and Livyatan Ben-Arie 2018, n. B17",Bulla,Judah,TRUE,UNKNOWN,UNKNOWN,UNKNOWN,UNKNOWN,TRUE,Double-line,TRUE,Single-line,Vertical,UNKNOWN,UNKNOWN,UNKNOWN,UNKNOWN,UNKNOWN,UNKNOWN,UNKNOWN,TRUE,FALSE
"Mazar and Livyatan Ben-Arie 2018, n. B18",Bulla,Judah,FALSE,TRUE,FALSE,FALSE,UNKNOWN,TRUE,Double-line,TRUE,Double-line,Horizontal,UNKNOWN,UNKNOWN,UNKNOWN,UNKNOWN,UNKNOWN,UNKNOWN,UNKNOWN,TRUE,UNKNOWN
"Mazar and Livyatan Ben-Arie 2018, n. B19",Bulla,Judah,UNKNOWN,UNKNOWN,UNKNOWN,UNKNOWN,UNKNOWN,UNKNOWN,UNKNOWN,UNKNOWN,UNKNOWN,UNKNOWN,UNKNOWN,UNKNOWN,UNKNOWN,UNKNOWN,UNKNOWN,UNKNOWN,UNKNOWN,UNKNOWN,UNKNOWN
"Mazar and Livyatan Ben-Arie 2018, n. B20",Bulla,Judah,FALSE,TRUE,FALSE,FALSE,UNKNOWN,TRUE,Single-line,UNKNOWN,UNKNOWN,Horizontal,UNKNOWN,UNKNOWN,UNKNOWN,TRUE,UNKNOWN,FALSE,UNKNOWN,UNKNOWN,UNKNOWN
"Mazar and Livyatan Ben-Arie 2018, n. B21",Bulla,Judah,TRUE,UNKNOWN,UNKNOWN,UNKNOWN,UNKNOWN,UNKNOWN,UNKNOWN,TRUE,Double-line,?,UNKNOWN,UNKNOWN,UNKNOWN,UNKNOWN,UNKNOWN,UNKNOWN,UNKNOWN,UNKNOWN,UNKNOWN
"Mazar and Livyatan Ben-Arie 2018, n. B22",Bulla,Judah,UNKNOWN,UNKNOWN,UNKNOWN,UNKNOWN,UNKNOWN,UNKNOWN,UNKNOWN,UNKNOWN,UNKNOWN,UNKNOWN,UNKNOWN,UNKNOWN,UNKNOWN,UNKNOWN,UNKNOWN,UNKNOWN,UNKNOWN,UNKNOWN,UNKNOWN
"Mazar and Livyatan Ben-Arie 2018, n. B23",Bulla,Judah,FALSE,UNKNOWN,UNKNOWN,UNKNOWN,UNKNOWN,TRUE,Double-line,TRUE,Two lines filled with dots,Horizontal,UNKNOWN,UNKNOWN,UNKNOWN,UNKNOWN,UNKNOWN,UNKNOWN,UNKNOWN,UNKNOWN,UNKNOWN
"Mazar and Livyatan Ben-Arie 2018, n. B24",Bulla,Judah,UNKNOWN,UNKNOWN,UNKNOWN,UNKNOWN,UNKNOWN,UNKNOWN,UNKNOWN,UNKNOWN,UNKNOWN,UNKNOWN,UNKNOWN,UNKNOWN,UNKNOWN,UNKNOWN,UNKNOWN,UNKNOWN,UNKNOWN,UNKNOWN,UNKNOWN
CSSPI Khirbet Abu Tabaq 1,Seal,Judah,FALSE,TRUE,FALSE,FALSE,Male,TRUE,Double-line,TBD,TBD,Horizontal,Scaraboid,Stone,TBD,TRUE,UNKNOWN,FALSE,UNKNOWN,UNKNOWN,TRUE
"Mendel-Geberovitch et al. 2019, p. 161-166",Bulla,Judah,FALSE,FALSE,FALSE,TRUE,Male,TRUE,Double-line,TRUE,Double-line,Horizontal,UNKNOWN,UNKNOWN,UNKNOWN,FALSE,UNKNOWN,FALSE,UNKNOWN,TRUE,FALSE
"Mendel-Geberovitch et al. 2019, p. 158-161",Seal,Judah,FALSE,TRUE,FALSE,FALSE,Male,TRUE,Double-line,TRUE,Single-line,Horizontal,Scaraboid,Stone,TRUE,FALSE,TRUE,FALSE,FALSE,TRUE,TRUE
"Aharoni 1968, pl 11, no. 14",Bulla,Judah,UNKNOWN,UNKNOWN,UNKNOWN,UNKNOWN,UNKNOWN,UNKNOWN,UNKNOWN,UNKNOWN,,UNKNOWN,UNKNOWN,UNKNOWN,UNKNOWN,UNKNOWN,UNKNOWN,UNKNOWN,UNKNOWN,UNKNOWN,UNKNOWN
"Aharoni 1968, pl 11, no. 15",Bulla,Judah,UNKNOWN,UNKNOWN,UNKNOWN,UNKNOWN,UNKNOWN,UNKNOWN,UNKNOWN,UNKNOWN,,UNKNOWN,UNKNOWN,UNKNOWN,UNKNOWN,UNKNOWN,UNKNOWN,UNKNOWN,UNKNOWN,UNKNOWN,UNKNOWN
"Aharoni 1968, pl 11, no. 16",Bulla,Judah,UNKNOWN,UNKNOWN,UNKNOWN,UNKNOWN,UNKNOWN,TRUE,Double-line,UNKNOWN,,Horizontal,UNKNOWN,UNKNOWN,UNKNOWN,UNKNOWN,UNKNOWN,UNKNOWN,UNKNOWN,UNKNOWN,UNKNOWN
"Aharoni 1968, pl 11, no. 17",Bulla,Judah,UNKNOWN,UNKNOWN,UNKNOWN,UNKNOWN,UNKNOWN,UNKNOWN,UNKNOWN,UNKNOWN,,UNKNOWN,UNKNOWN,UNKNOWN,UNKNOWN,UNKNOWN,UNKNOWN,UNKNOWN,UNKNOWN,UNKNOWN,UNKNOWN
"Klingbeil et al. 2019, no. A-B",Bulla,Judah,TRUE,TRUE,FALSE,FALSE,Male,TRUE,Double-line,TRUE,Single-line,Horizontal,UNKNOWN,UNKNOWN,UNKNOWN,FALSE,TRUE,TRUE,FALSE,TRUE,FALSE
"Klingbeil et al. 2019, no. C",Bulla,Judah,TRUE,TRUE,FALSE,FALSE,Male,TRUE,Double-line,TRUE,Single-line,Vertical,UNKNOWN,UNKNOWN,UNKNOWN,UNKNOWN,UNKNOWN,UNKNOWN,UNKNOWN,UNKNOWN,TRUE
"Mendel, in press,  p. 132, no. 10",Bulla,Judah,FALSE,FALSE,FALSE,TRUE,Male,TRUE,Double-line,TRUE,Single-line,Horizontal,UNKNOWN,UNKNOWN,UNKNOWN,TRUE,UNKNOWN,FALSE,UNKNOWN,TRUE,FALSE
CSSPI Jerusalem 291,Bulla,Judah,TRUE,UNKNOWN,UNKNOWN,UNKNOWN,UNKNOWN,TRUE,Double-line,TRUE,Double-line,Vertical,UNKNOWN,UNKNOWN,UNKNOWN,UNKNOWN,UNKNOWN,UNKNOWN,UNKNOWN,TRUE,UNKNOWN
"Koch and Lipschits 2016: 345-346, no. 6",Handle,Judah,FALSE,UNKNOWN,UNKNOWN,UNKNOWN,UNKNOWN,TRUE,Double-line,TRUE,Single-line,Horizontal,UNKNOWN,UNKNOWN,UNKNOWN,UNKNOWN,UNKNOWN,UNKNOWN,UNKNOWN,TRUE,UNKNOWN
"Finkielsztejn and Gorzalczany 2010, Fig. 7",Seal,Judah,FALSE?,TRUE,FALSE,FALSE,MALE,TRUE,Double-line,TRUE,Single-line,Vertical,?,Stone,TRUE,FALSE,FALSE,FALSE,FALSE,TRUE,FALSE
"Mendel-Geberovich et al. 2020, p. 163-165, Fig. 5",Seal,Judah,FALSE,TRUE,FALSE,FALSE,MALE,TRUE,Single-line,TRUE,Single-line,Horizontal,Scaraboid,Stone,TRUE,TRUE,FALSE,FALSE,TRUE,TRUE,FALSE
"Mendel-Geberovich et al. 2020, no. 1",Bulla,Judah,UNKNOWN,UNKNOWN,UNKNOWN,UNKNOWN,UNKNOWN,TRUE,Double-line,UNKNOWN,UNKNOWN,UNKNOWN,UNKNOWN,UNKNOWN,UNKNOWN,UNKNOWN,UNKNOWN,UNKNOWN,UNKNOWN,UNKNOWN,UNKNOWN
"Mendel-Geberovich et al. 2020, no. 2",Bulla,Judah,FALSE,TRUE,FALSE,FALSE,MALE,TRUE,Double-line,TRUE,Single-line,Horizontal,UNKNOWN,UNKNOWN,UNKNOWN,TRUE,FALSE,FALSE,FALSE,TRUE,FALSE
"Mendel-Geberovich et al. 2020, no. 3",Bulla,Judah,UNKNOWN,UNKNOWN,UNKNOWN,UNKNOWN,UNKNOWN,TRUE,Single-line,UNKNOWN,UNKNOWN,UNKNOWN,UNKNOWN,UNKNOWN,UNKNOWN,UNKNOWN,UNKNOWN,UNKNOWN,UNKNOWN,UNKNOWN,UNKNOWN
"Mendel-Geberovich et al. 2020, no. 4",Bulla,Judah,UNKNOWN,TRUE,UNKNOWN,UNKNOWN,MALE,TRUE,Double-line,TRUE,Single-line,UNKNOWN,UNKNOWN,UNKNOWN,UNKNOWN,UNKNOWN,UNKNOWN,UNKNOWN,UNKNOWN,TRUE,UNKNOWN
"Mendel-Geberovich et al. 2020, no. 5",Bulla,Judah,UNKNOWN,UNKNOWN,UNKNOWN,UNKNOWN,UNKNOWN,TRUE,Double-line,UNKNOWN,UNKNOWN,UNKNOWN,UNKNOWN,UNKNOWN,UNKNOWN,UNKNOWN,UNKNOWN,UNKNOWN,UNKNOWN,UNKNOWN,UNKNOWN
"Mendel-Geberovich et al. 2020, no. 6",Bulla,Judah,UNKNOWN,UNKNOWN,UNKNOWN,UNKNOWN,MALE,TRUE,Single-line(?),UNKNOWN,UNKNOWN,UNKNOWN,UNKNOWN,UNKNOWN,UNKNOWN,TRUE,UNKNOWN,FALSE,UNKNOWN,UNKNOWN,UNKNOWN
"Mendel-Geberovich et al. 2020, no. 7",Bulla,Judah,UNKNOWN,TRUE,UNKNOWN,UNKNOWN,UNKNOWN,TRUE,Single-line,UNKNOWN,UNKNOWN,UNKNOWN,UNKNOWN,UNKNOWN,UNKNOWN,TRUE,UNKNOWN,FALSE,UNKNOWN,UNKNOWN,UNKNOWN
"Mendel-Geberovich et al. 2020, no. 8",Bulla,Judah,UNKNOWN,TRUE,UNKNOWN,FALSE,UNKNOWN,TRUE,Triple-line,TRUE,Single-line,UNKNOWN,UNKNOWN,UNKNOWN,UNKNOWN,UNKNOWN,UNKNOWN,UNKNOWN,UNKNOWN,UNKNOWN,UNKNOWN
"Mendel-Geberovich et al. 2020, no. 9",Bulla,Judah,FALSE,TRUE,FALSE,FALSE,Male,TRUE,Lotus-bud,TRUE,Single-line,Horizontal,UNKNOWN,UNKNOWN,UNKNOWN,FALSE,FALSE,FALSE,FALSE,TRUE,TRUE
"Mendel-Geberovich et al. 2020, no. 10",Bulla,Judah,TRUE,UNKNOWN,UNKNOWN,UNKNOWN,UNKNOWN,TRUE,Single-line,UNKNOWN,UNKNOWN,UNKNOWN,UNKNOWN,UNKNOWN,UNKNOWN,UNKNOWN,UNKNOWN,UNKNOWN,UNKNOWN,TRUE,UNKNOWN
"Mendel-Geberovich et al. 2020, no. 11",Bulla,Judah,UNKNOWN,TRUE,UNKNOWN,FALSE,UNKNOWN,TRUE,Double-line,UNKNOWN,UNKNOWN,UNKNOWN,UNKNOWN,UNKNOWN,UNKNOWN,UNKNOWN,UNKNOWN,UNKNOWN,UNKNOWN,UNKNOWN,UNKNOWN
"Mendel-Geberovich et al. 2020, no. 12",Bulla,Judah,FALSE,UNKNOWN,UNKNOWN,UNKNOWN,UNKNOWN,TRUE,Floral pattern,UNKNOWN,UNKNOWN,Horizontal,UNKNOWN,UNKNOWN,UNKNOWN,UNKNOWN,UNKNOWN,UNKNOWN,UNKNOWN,TRUE,UNKNOWN
"Mendel-Geberovich et al. 2020, no. 13",Bulla,Judah,UNKNOWN,UNKNOWN,UNKNOWN,UNKNOWN,UNKNOWN,TRUE,Double-line,UNKNOWN,UNKNOWN,UNKNOWN,UNKNOWN,UNKNOWN,UNKNOWN,UNKNOWN,UNKNOWN,UNKNOWN,UNKNOWN,UNKNOWN,UNKNOWN
"Ussishkin 2004c: 2137, No. 80 and Fig. 29.14: 4. ",Handle,Judah,FALSE,TRUE,FALSE,FALSE,Male,TRUE,Single-line,UNKNOWN,UNKNOWN,Horizontal,UNKNOWN,UNKNOWN,UNKNOWN,TRUE,FALSE,FALSE,FALSE,FALSE,FALSE
"Garfinkel et al. 2021, p. 450-451, Fig. 28",Handle,Judah,FALSE,TRUE,FALSE,FALSE,Male,TRUE,Lotus-bud,TRUE,?,Horizontal?,UNKNOWN,UNKNOWN,UNKNOWN,TRUE,TRUE,FALSE,FALSE,TRUE,TRUE
https://www.timesofisrael.com/first-temple-era-walls-razed-in-biblical-account-found-unbreached-in-jerusalem/,Bulla,Judah,FALSE,TRUE,,,,TRUE,Double-line,TRUE,,Horizontal,,UNKNOWN,UNKNOWN,FALSE,,FALSE,,UNKNOWN,TRUE
"Vukosavovi? and Chalaf 2020, p. 37*-38*, Fig. 2",Bulla,Judah,FALSE,TRUE,FALSE,FALSE,Male,TRUE,Triple-line,TRUE,Single-line,Horizontal,UNKNOWN,UNKNOWN,UNKNOWN,TRUE,TRUE,FALSE,FALSE,TRUE,TRUE
"Vukosavovi? and Chalaf 2020, p. 38*-39*, Fig. 4",Bulla,Judah,FALSE,TRUE,FALSE,FALSE,Male,TRUE,Double-line,TRUE,Single-line?,Horizontal,UNKNOWN,UNKNOWN,UNKNOWN,FALSE,TRUE,FALSE,FALSE,TRUE,FALSE
CSSPI Jerusalem 226,Bulla,Judah,TRUE,UNKNOWN,UNKNOWN,UNKNOWN,UNKNOWN,UNKNOWN,,TRUE,UNKNOWN,UNKNOWN,UNKNOWN,UNKNOWN,UNKNOWN,UNKNOWN,UNKNOWN,UNKNOWN,UNKNOWN,UNKNOWN,UNKNOWN
CSSPI Jerusalem 293,Bulla,Judah,UNKNOWN,TRUE,UNKNOWN,FALSE,UNKNOWN,TRUE,Double-line,TRUE,Single-line,Vertical,UNKNOWN,UNKNOWN,UNKNOWN,UNKNOWN,TRUE,UNKNOWN,UNKNOWN,UNKNOWN,UNKNOWN
CSSPI Jerusalem 296,Bulla,Judah,TRUE,UNKNOWN,UNKNOWN,UNKNOWN,UNKNOWN,UNKNOWN,,TRUE,Single-line,UNKNOWN,UNKNOWN,UNKNOWN,UNKNOWN,UNKNOWN,UNKNOWN,UNKNOWN,UNKNOWN,UNKNOWN,UNKNOWN
CSSPI Jerusalem 297,Bulla,Judah,FALSE,UNKNOWN,UNKNOWN,UNKNOWN,UNKNOWN,TRUE,Double-line,TRUE,Single-line?,Horizontal,UNKNOWN,UNKNOWN,UNKNOWN,UNKNOWN,UNKNOWN,UNKNOWN,UNKNOWN,UNKNOWN,UNKNOWN
CSSPI Jerusalem 298,Bulla,Judah,FALSE,UNKNOWN,UNKNOWN,UNKNOWN,UNKNOWN,TRUE,Double-line,UNKNOWN,UNKNOWN,Horizontal,UNKNOWN,UNKNOWN,UNKNOWN,UNKNOWN,UNKNOWN,UNKNOWN,UNKNOWN,UNKNOWN,UNKNOWN
CSSPI Jerusalem 299,Bulla,Judah,FALSE,TRUE,FALSE,FALSE,UNKNOWN,TRUE,Single-line,TRUE,Single-line,Horizontal,UNKNOWN,UNKNOWN,UNKNOWN,UNKNOWN,UNKNOWN,UNKNOWN,UNKNOWN,UNKNOWN,UNKNOWN
CSSPI Jerusalem 300,Bulla,Judah,UNKNOWN,UNKNOWN,UNKNOWN,UNKNOWN,UNKNOWN,TRUE,Double-line,UNKNOWN,UNKNOWN,UNKNOWN,UNKNOWN,UNKNOWN,UNKNOWN,UNKNOWN,UNKNOWN,UNKNOWN,UNKNOWN,UNKNOWN,UNKNOWN
CSSPI Jerusalem 301,Bulla,Judah,FALSE,TRUE,UNKNOWN,FALSE,UNKNOWN,TRUE,Double-line,TRUE,,Horizontal,UNKNOWN,UNKNOWN,UNKNOWN,UNKNOWN,UNKNOWN,UNKNOWN,UNKNOWN,TRUE,UNKNOWN
CSSPI Jerusalem 302,Bulla,Judah,UNKNOWN,UNKNOWN,UNKNOWN,UNKNOWN,UNKNOWN,TRUE,Double-line,UNKNOWN,,UNKNOWN,UNKNOWN,UNKNOWN,UNKNOWN,UNKNOWN,UNKNOWN,UNKNOWN,UNKNOWN,UNKNOWN,UNKNOWN
CSSPI Jerusalem 303,Bulla,Judah,UNKNOWN,UNKNOWN,UNKNOWN,UNKNOWN,UNKNOWN,TRUE,Double-line,UNKNOWN,,UNKNOWN,UNKNOWN,UNKNOWN,UNKNOWN,UNKNOWN,UNKNOWN,UNKNOWN,UNKNOWN,UNKNOWN,UNKNOWN
CSSPI Jerusalem 304,Bulla,Judah,FALSE,UNKNOWN,UNKNOWN,UNKNOWN,UNKNOWN,TRUE,Double-line,FALSE,,Horizontal,UNKNOWN,UNKNOWN,UNKNOWN,UNKNOWN,UNKNOWN,UNKNOWN,UNKNOWN,TRUE,UNKNOWN
CSSPI Jerusalem 305,Bulla,Judah,FALSE,TRUE,FALSE,FALSE,UNKNOWN,TRUE,Double-line,FALSE,,Horizontal,UNKNOWN,UNKNOWN,UNKNOWN,UNKNOWN,UNKNOWN,UNKNOWN,UNKNOWN,UNKNOWN,UNKNOWN
CSSPI Jerusalem 306,Bulla,Judah,UNKNOWN,UNKNOWN,UNKNOWN,UNKNOWN,UNKNOWN,TRUE,Double-line,TRUE,,UNKNOWN,UNKNOWN,UNKNOWN,UNKNOWN,UNKNOWN,UNKNOWN,UNKNOWN,UNKNOWN,UNKNOWN,UNKNOWN
CSSPI Jerusalem 310,Seal,Judah,FALSE,FALSE,FALSE,FALSE,UNKNOWN,FALSE,,FALSE,,Horizontal,Scaraboid,Stone,FALSE,FALSE,FALSE,FALSE,FALSE,TRUE,FALSE
CSSPI Jerusalem 103,Handle,Judah,FALSE,TRUE,FALSE,FALSE,UNKNOWN,FALSE,,,,Horizontal,UNKNOWN,UNKNOWN,UNKNOWN,FALSE,FALSE,FALSE,TRUE,FALSE,FALSE
CSSPI Jerusalem 44a,Seal,Judah,FALSE,TRUE,FALSE,FALSE,UNKNOWN,TRUE,Double-line,TRUE,,Horizontal,Scaraboid,Artificial?,UNKNOWN,TRUE?,TRUE,FALSE,FALSE,UNKNOWN,UNKNOWN
CSSPI Jerusalem 44b,Seal,Judah,FALSE,UNKNOWN,UNKNOWN,UNKNOWN,UNKNOWN,TRUE,Double-line,TRUE,Single-line?,Horizontal,Scaraboid,Artificial,UNKNOWN,UNKNOWN,UNKNOWN,UNKNOWN,UNKNOWN,UNKNOWN,UNKNOWN
CSSPI Jerusalem 28,Seal,Judah,FALSE,UNKNOWN,UNKNOWN,UNKNOWN,UNKNOWN,TRUE,Double-line,TRUE,Single-line,Horizontal,Scaraboid,Stone,UNKNOWN,UNKNOWN,UNKNOWN,UNKNOWN,UNKNOWN,TRUE,UNKNOWN
CSSPI Jerusalem 285,Bulla,Judah,TRUE,UNKNOWN,UNKNOWN,UNKNOWN,UNKNOWN,UNKNOWN,UNKNOWN,UNKNOWN,UNKNOWN,UNKNOWN,UNKNOWN,UNKNOWN,UNKNOWN,UNKNOWN,UNKNOWN,UNKNOWN,UNKNOWN,UNKNOWN,UNKNOWN
"Tufnell 1953: 347-348, Pl. 44A.168, 45.168",Seal,Judah,Iconic?,FALSE,FALSE,FALSE,UNKNOWN,TRUE,Double-line,TRUE,Single-line,Horizontal,Scaraboid,Stone,TRUE,UNKNOWN,UNKNOWN,UNKNOWN,UNKNOWN,UNKNOWN,FALSE
"Lachish IIIb, Pl. 57, no 14",Seal,Judah,UNKNOWN,UNKNOWN,UNKNOWN,UNKNOWN,UNKNOWN,UNKNOWN,UNKNOWN,UNKNOWN,UNKNOWN,UNKNOWN,UNKNOWN,UNKNOWN,UNKNOWN,UNKNOWN,UNKNOWN,UNKNOWN,UNKNOWN,UNKNOWN,UNKNOWN
