Short Reference,Type,Polity,Iconic,Patronymic,Papponymic,Title,Divider,Divider Type,Border,Border Type,Orientation,Shape,Material,Size ratio,Perforated,Yahwistic Name,Yahwistic Father,Elohistic Name,Elohistic Father,Belonging Mark,Filiation Mark
Aharoni 1968: no. 10,Bipartite,Judah,FALSE,TRUE,FALSE,FALSE,TRUE,Lotus-bud,TRUE,?,Horizontal,UNKNOWN,UNKNOWN,UNKNOWN,UNKNOWN,TRUE,FALSE,FALSE,FALSE,UNKNOWN,FALSE
Aharoni 1968: no. 11,UNKNOWN,Judah,UNKNOWN,UNKNOWN,UNKNOWN,UNKNOWN,TRUE,Lotus-bud,TRUE,UNKNOWN,Horizontal,UNKNOWN,UNKNOWN,UNKNOWN,UNKNOWN,UNKNOWN,UNKNOWN,UNKNOWN,UNKNOWN,UNKNOWN,UNKNOWN
Aharoni 1968: no. 12,Bipartite,Judah,FALSE,TRUE,FALSE,FALSE,TRUE,Lotus-bud,TRUE,?,Horizontal,UNKNOWN,UNKNOWN,UNKNOWN,UNKNOWN,TRUE,UNKNOWN,FALSE,UNKNOWN,TRUE,UNKNOWN
Aharoni 1968: no. 13,UNKNOWN,Judah,FALSE,UNKNOWN,UNKNOWN,UNKNOWN,TRUE,TBD,TRUE,?,Horizontal,UNKNOWN,UNKNOWN,UNKNOWN,UNKNOWN,UNKNOWN,UNKNOWN,UNKNOWN,UNKNOWN,UNKNOWN,UNKNOWN
Aharoni 1968: no. 14,UNKNOWN,Judah,UNKNOWN,UNKNOWN,UNKNOWN,UNKNOWN,UNKNOWN,,UNKNOWN,,UNKNOWN,UNKNOWN,UNKNOWN,UNKNOWN,UNKNOWN,UNKNOWN,UNKNOWN,UNKNOWN,UNKNOWN,UNKNOWN,UNKNOWN
Aharoni 1968: no. 15,UNKNOWN,Judah,UNKNOWN,UNKNOWN,UNKNOWN,UNKNOWN,UNKNOWN,,UNKNOWN,,UNKNOWN,UNKNOWN,UNKNOWN,UNKNOWN,UNKNOWN,UNKNOWN,UNKNOWN,UNKNOWN,UNKNOWN,UNKNOWN,UNKNOWN
Aharoni 1968: no. 16,UNKNOWN,Judah,UNKNOWN,UNKNOWN,UNKNOWN,UNKNOWN,TRUE,Single-line,UNKNOWN,,Horizontal,UNKNOWN,UNKNOWN,UNKNOWN,UNKNOWN,UNKNOWN,UNKNOWN,UNKNOWN,UNKNOWN,UNKNOWN,UNKNOWN
Aharoni 1968: no. 17,UNKNOWN,Judah,UNKNOWN,UNKNOWN,UNKNOWN,UNKNOWN,UNKNOWN,,UNKNOWN,,UNKNOWN,UNKNOWN,UNKNOWN,UNKNOWN,UNKNOWN,UNKNOWN,UNKNOWN,UNKNOWN,UNKNOWN,UNKNOWN,UNKNOWN
Aharoni 1968: no. 8,UNKNOWN,Judah,UNKNOWN,UNKNOWN,UNKNOWN,UNKNOWN,TRUE,Double-line,TRUE,UNKNOWN,Horizontal,UNKNOWN,UNKNOWN,UNKNOWN,UNKNOWN,UNKNOWN,UNKNOWN,UNKNOWN,UNKNOWN,UNKNOWN,UNKNOWN
Aharoni 1968: no. 9,Bipartite,Judah,FALSE,TRUE,FALSE,FALSE,TRUE,Lotus-bud,TRUE,?,Horizontal,UNKNOWN,UNKNOWN,UNKNOWN,UNKNOWN,TRUE,UNKNOWN,FALSE,UNKNOWN,UNKNOWN,TRUE
Barkay and Vaughn 1996: no 18,Bipartite,Judah,FALSE,TRUE,FALSE,FALSE,TRUE,TBD,TRUE,Single-line,Horizontal,UNKNOWN,UNKNOWN,]80-100] %,UNKNOWN,UNKNOWN,UNKNOWN,UNKNOWN,UNKNOWN,UNKNOWN,UNKNOWN
Ben-Ami and Misgav  2016: fig. 2,Bipartite,Judah,FALSE,TRUE,FALSE,FALSE,TRUE,Double-line,TRUE,Double-line,Horizontal,Scaraboid,Stone,UNKNOWN,TRUE,TRUE,TRUE,FALSE,FALSE,TRUE,TRUE
Ben-Ami and Misgav  2016: fig. 3,Bipartite,Judah,FALSE,TRUE,FALSE,FALSE,TRUE,Rope-pattern ,TRUE,Single-line,Horizontal,Scaraboid,Stone,]80-100] %,TRUE,FALSE,FALSE,FALSE,FALSE,TRUE,TRUE
Ben-Ami and Tchekhanovets 2010: 70-2,Tripartite,Judah,TRUE,TRUE,FALSE,FALSE,TRUE,Double-line,TRUE,,Vertical,UNKNOWN,UNKNOWN,UNKNOWN,UNKNOWN,FALSE,FALSE,FALSE,FALSE,TRUE,TRUE
Crowfoot et al. 1957: p. 88-no. 39,Plain aniconic,Israel,FALSE,FALSE,FALSE,FALSE,FALSE,,TRUE,Single-line,Horizontal,UNKNOWN,UNKNOWN,]80-100] %,UNKNOWN,FALSE,UNKNOWN,FALSE,FALSE,TRUE,
CSSPI Beth Shemesh 199,UNKNOWN,Judah,FALSE,UNKNOWN,FALSE,UNKNOWN,FALSE,,TRUE,Single-line,Square,UNKNOWN,UNKNOWN,]80-100] %,UNKNOWN,UNKNOWN,UNKNOWN,UNKNOWN,UNKNOWN,UNKNOWN,UNKNOWN
CSSPI Beth Shemesh 217,Bipartite,Judah,FALSE,TRUE,FALSE,FALSE,TRUE,Double-line,TRUE,Single-line,Square,Square-shaped piece,Stone,]80-100] %,TRUE,FALSE,TRUE,FALSE,FALSE,TRUE,FALSE
CSSPI Beth Shemesh 23,Tripartite,Judah,TRUE,TRUE,FALSE,FALSE,TRUE,Double-line,TRUE,Single-line,Vertical,Scaraboid,Stone,]60-80] %  ,TRUE,TRUE,FALSE,TRUE,FALSE,TRUE,FALSE
CSSPI Dotan 1,Plain aniconic,Israel,FALSE,FALSE,FALSE,FALSE,NO?,Single-line?,TRUE,Single-line?,Vertical,UNKNOWN,UNKNOWN,]60-80] %  ,UNKNOWN,TRUE,UNKNOWN,FALSE,UNKNOWN,TRUE,
CSSPI Jerusalem 102,Bipartite,Judah,TRUE,TRUE,FALSE,FALSE,TRUE,Single-line,TRUE,Single-line,Horizontal,Scaraboid,Organic,]60-80] %  ,TRUE,FALSE,FALSE,TRUE,FALSE,TRUE,FALSE
CSSPI Jerusalem 103,Plain aniconic,Judah,FALSE,TRUE,FALSE,FALSE,FALSE,,,,Horizontal,UNKNOWN,UNKNOWN,UNKNOWN,UNKNOWN,FALSE,FALSE,FALSE,TRUE,FALSE,FALSE
CSSPI Jerusalem 106,UNKNOWN,,,,,,,,,,,,,,,,,,,,
CSSPI Jerusalem 125,Bipartite,Judah,FALSE,TRUE,FALSE,FALSE,TRUE,Double-line,TRUE,Single-line,Horizontal,Scaraboid,Stone,]80-100] %,TRUE,TRUE,FALSE,FALSE,FALSE,TRUE,TRUE
CSSPI Jerusalem 126,Bipartite,Judah,FALSE,TRUE,FALSE,FALSE,TRUE,Double-line,TRUE,Single-line,Horizontal,Bifacial plaque,Metal,]80-100] %,TRUE,FALSE,TRUE,FALSE,FALSE,TRUE,FALSE
CSSPI Jerusalem 127,Bipartite,Judah,FALSE,TRUE,FALSE,FALSE,TRUE,Double-line,TRUE,Double-line,Horizontal,Scaraboid,Stone,]60-80] %  ,TRUE,TRUE,FALSE,FALSE,FALSE,TRUE,TRUE
CSSPI Jerusalem 226,UNKNOWN,Judah,TRUE,UNKNOWN,UNKNOWN,UNKNOWN,UNKNOWN,,TRUE,UNKNOWN,UNKNOWN,UNKNOWN,UNKNOWN,UNKNOWN,UNKNOWN,UNKNOWN,UNKNOWN,UNKNOWN,UNKNOWN,UNKNOWN,UNKNOWN
CSSPI Jerusalem 28,Bipartite,Judah,FALSE,UNKNOWN,UNKNOWN,UNKNOWN,TRUE,Double-line,TRUE,Single-line,Horizontal,Scaraboid,Stone,]60-80] %  ,TRUE,UNKNOWN,UNKNOWN,UNKNOWN,UNKNOWN,TRUE,UNKNOWN
CSSPI Jerusalem 285,UNKNOWN,Judah,TRUE,UNKNOWN,UNKNOWN,UNKNOWN,UNKNOWN,UNKNOWN,UNKNOWN,UNKNOWN,UNKNOWN,UNKNOWN,UNKNOWN,UNKNOWN,UNKNOWN,UNKNOWN,UNKNOWN,UNKNOWN,UNKNOWN,UNKNOWN,UNKNOWN
CSSPI Jerusalem 290,Bipartite,Judah,TRUE,TRUE,FALSE,FALSE,TRUE,Double-line,TRUE,Single-line,Horizontal,Scaraboid,Stone,]80-100] %,TRUE,TRUE,FALSE,FALSE,FALSE,TRUE,FALSE
CSSPI Jerusalem 291,UNKNOWN,Judah,TRUE,UNKNOWN,UNKNOWN,UNKNOWN,TRUE,Double-line,TRUE,Double-line,Vertical,UNKNOWN,UNKNOWN,UNKNOWN,UNKNOWN,UNKNOWN,UNKNOWN,UNKNOWN,UNKNOWN,TRUE,UNKNOWN
CSSPI Jerusalem 292,Bipartite,Judah,FALSE,TRUE,FALSE,FALSE,TRUE,Double-line,TRUE,Double-line,Horizontal,Scaraboid,Organic,]60-80] %  ,TRUE,FALSE,TRUE,FALSE,FALSE,TRUE,UNKNOWN
CSSPI Jerusalem 293,UNKNOWN,Judah,UNKNOWN,TRUE,UNKNOWN,FALSE,TRUE,Double-line,TRUE,Single-line,Vertical,UNKNOWN,UNKNOWN,UNKNOWN,UNKNOWN,UNKNOWN,TRUE,UNKNOWN,UNKNOWN,UNKNOWN,UNKNOWN
CSSPI Jerusalem 294,Bipartite,Judah,FALSE,TRUE,FALSE,FALSE,TRUE,Double-line,TRUE,Single-line,Horizontal,UNKNOWN,UNKNOWN,UNKNOWN,UNKNOWN,TRUE,FALSE,FALSE,FALSE,UNKNOWN,FALSE
CSSPI Jerusalem 296,UNKNOWN,Judah,TRUE,UNKNOWN,UNKNOWN,UNKNOWN,UNKNOWN,,TRUE,Single-line,UNKNOWN,UNKNOWN,UNKNOWN,UNKNOWN,UNKNOWN,UNKNOWN,UNKNOWN,UNKNOWN,UNKNOWN,UNKNOWN,UNKNOWN
CSSPI Jerusalem 297,Bipartite,Judah,FALSE,UNKNOWN,UNKNOWN,UNKNOWN,TRUE,Double-line,TRUE,Single-line?,Horizontal,UNKNOWN,UNKNOWN,UNKNOWN,UNKNOWN,UNKNOWN,UNKNOWN,UNKNOWN,UNKNOWN,UNKNOWN,UNKNOWN
CSSPI Jerusalem 298,Bipartite,Judah,FALSE,UNKNOWN,UNKNOWN,UNKNOWN,TRUE,Double-line,UNKNOWN,UNKNOWN,Horizontal,UNKNOWN,UNKNOWN,UNKNOWN,UNKNOWN,UNKNOWN,UNKNOWN,UNKNOWN,UNKNOWN,UNKNOWN,UNKNOWN
CSSPI Jerusalem 299,Bipartite,Judah,FALSE,TRUE,FALSE,FALSE,TRUE,Single-line,TRUE,Single-line,Horizontal,UNKNOWN,UNKNOWN,UNKNOWN,UNKNOWN,UNKNOWN,UNKNOWN,UNKNOWN,UNKNOWN,UNKNOWN,UNKNOWN
CSSPI Jerusalem 300,UNKNOWN,Judah,UNKNOWN,UNKNOWN,UNKNOWN,UNKNOWN,TRUE,Double-line,UNKNOWN,UNKNOWN,UNKNOWN,UNKNOWN,UNKNOWN,UNKNOWN,UNKNOWN,UNKNOWN,UNKNOWN,UNKNOWN,UNKNOWN,UNKNOWN,UNKNOWN
CSSPI Jerusalem 301,Bipartite,Judah,FALSE,TRUE,UNKNOWN,FALSE,TRUE,Double-line,TRUE,,Horizontal,UNKNOWN,UNKNOWN,UNKNOWN,UNKNOWN,UNKNOWN,UNKNOWN,UNKNOWN,UNKNOWN,TRUE,UNKNOWN
CSSPI jerusalem 302,UNKNOWN,Judah,UNKNOWN,UNKNOWN,UNKNOWN,UNKNOWN,TRUE,Double-line,UNKNOWN,,UNKNOWN,UNKNOWN,UNKNOWN,UNKNOWN,UNKNOWN,UNKNOWN,UNKNOWN,UNKNOWN,UNKNOWN,UNKNOWN,UNKNOWN
CSSPI Jerusalem 303,UNKNOWN,Judah,UNKNOWN,UNKNOWN,UNKNOWN,UNKNOWN,TRUE,Double-line,UNKNOWN,,UNKNOWN,UNKNOWN,UNKNOWN,UNKNOWN,UNKNOWN,UNKNOWN,UNKNOWN,UNKNOWN,UNKNOWN,UNKNOWN,UNKNOWN
CSSPI Jerusalem 304,Bipartite,Judah,FALSE,UNKNOWN,UNKNOWN,UNKNOWN,TRUE,Double-line,FALSE,,Horizontal,UNKNOWN,UNKNOWN,UNKNOWN,UNKNOWN,UNKNOWN,UNKNOWN,UNKNOWN,UNKNOWN,TRUE,UNKNOWN
CSSPI Jerusalem 305,Bipartite,Judah,FALSE,TRUE,FALSE,FALSE,TRUE,Double-line,FALSE,,Horizontal,UNKNOWN,UNKNOWN,UNKNOWN,UNKNOWN,UNKNOWN,UNKNOWN,UNKNOWN,UNKNOWN,UNKNOWN,UNKNOWN
CSSPI Jerusalem 306,UNKNOWN,Judah,UNKNOWN,UNKNOWN,UNKNOWN,UNKNOWN,TRUE,Double-line,TRUE,,UNKNOWN,UNKNOWN,UNKNOWN,UNKNOWN,UNKNOWN,UNKNOWN,UNKNOWN,UNKNOWN,UNKNOWN,UNKNOWN,UNKNOWN
CSSPI Jerusalem 310,Plain aniconic,Judah,FALSE,FALSE,FALSE,FALSE,FALSE,,FALSE,,Horizontal,Scaraboid,Stone,]60-80] %  ,FALSE,FALSE,FALSE,FALSE,FALSE,TRUE,
CSSPI Jerusalem 337,Tripartite,Judah,TRUE,TRUE,FALSE,FALSE,TRUE,Double-line,TRUE,Single-line,Vertical,scaraboid,Stone,]60-80] %  ,TRUE,TRUE,FALSE,FALSE,FALSE,TRUE,TRUE
CSSPI Jerusalem 338,Bipartite,Judah,FALSE,UNKNOWN,FALSE,UNKNOWN,TRUE,Double-line,TRUE,Double-line,Horizontal,Scaraboid,Organic,UNKNOWN,TRUE,UNKNOWN,UNKNOWN,UNKNOWN,UNKNOWN,TRUE,UNKNOWN
CSSPI Jerusalem 339,Bipartite,Judah,FALSE,TRUE,FALSE,FALSE,TRUE,Double-line,TRUE,Single-line,Horizontal,Scaraboid,Organic,]80-100] %,TRUE,TRUE,FALSE,FALSE,FALSE,TRUE,FALSE
CSSPI Jerusalem 340,Plain iconic,Judah,TRUE,FALSE,FALSE,FALSE,FALSE,,FALSE,,Vertical,Scaraboid,Stone,]80-100] %,TRUE,FALSE,FALSE,FALSE,FALSE,TRUE,
CSSPI Jerusalem 341,Exergual,Judah,TRUE,FALSE,FALSE,FALSE,TRUE,Single-line,,Single-line,Vertical,scaraboid,Stone,]60-80] %  ,FALSE,FALSE,FALSE,FALSE,FALSE,TRUE,
CSSPI Jerusalem 342,UNKNOWN,Judah,FALSE,TRUE,UNKNOWN,FALSE,UNKNOWN,UNKNOWN,TRUE,Double-line,Horizontal,Scaraboid,Organic,UNKNOWN,TRUE,UNKNOWN,UNKNOWN,UNKNOWN,UNKNOWN,UNKNOWN,TRUE
CSSPI Jerusalem 351,Plain iconic,Judah,TRUE,FALSE,FALSE,FALSE,FALSE,,FALSE,,Vertical,Scaraboid,Stone,]40-60] %  ,FALSE,FALSE,FALSE,FALSE,FALSE,FALSE,
CSSPI Jerusalem 44a,Bipartite,Judah,FALSE,TRUE,FALSE,FALSE,TRUE,Double-line,TRUE,,Horizontal,Scaraboid,Artificial?,]80-100] %,TBD,TRUE?,TRUE,FALSE,FALSE,UNKNOWN,UNKNOWN
CSSPI Jerusalem 44b,Bipartite,Judah,FALSE,UNKNOWN,UNKNOWN,UNKNOWN,TRUE,Double-line,TRUE,Single-line?,Horizontal,Scaraboid,Artificial,]60-80] %  ,TBD,UNKNOWN,UNKNOWN,UNKNOWN,UNKNOWN,UNKNOWN,UNKNOWN
CSSPI Jerusalem 521,Tripartite,Judah,UNKNOWN,TRUE,FALSE,FALSE,TRUE,Double-line,TRUE,Double-line,Vertical,UNKNOWN,UNKNOWN,UNKNOWN,UNKNOWN,TRUE,FALSE,FALSE,FALSE,UNKNOWN,UNKNOWN
CSSPI Khirbet Abu Tabaq 1,Bipartite,Judah,FALSE,TRUE,FALSE,FALSE,TRUE,Double-line,TBD,TBD,Horizontal,Scaraboid,Stone,]80-100] %,TRUE,TRUE,UNKNOWN,FALSE,UNKNOWN,UNKNOWN,TRUE
Davies vol. 2: No. 100.957,TBD,Judah,TBD,,,,,,,,,,,UNKNOWN,,,,,,,
Faust 2011,Tripartite,Judah,TRUE,TRUE,FALSE,FALSE,TRUE,Double-line,TRUE,?,Vertical,UNKNOWN,UNKNOWN,UNKNOWN,UNKNOWN,TRUE,FALSE,FALSE,FALSE,TRUE,FALSE
Finkielsztejn and Gorzalczany 2010: Fig. 7,Tripartite,Judah,TRUE,TRUE,FALSE,FALSE,TRUE,Double-line,TRUE,Single-line,Vertical,UNKNOWN,Stone,]60-80] %  ,TRUE,FALSE,FALSE,FALSE,FALSE,TRUE,FALSE
Gadot et al. 2013,Bipartite,Judah,FALSE,UNKNOWN,FALSE,UNKNOWN,TRUE,Double-line,TRUE,,Horizontal,UNKNOWN,UNKNOWN,UNKNOWN,UNKNOWN,UNKNOWN,UNKNOWN,UNKNOWN,UNKNOWN,UNKNOWN,UNKNOWN
Garfinkel et al. 2021,Bipartite,Judah,FALSE,TRUE,FALSE,FALSE,TRUE,Lotus-bud,TRUE,?,Horizontal?,UNKNOWN,UNKNOWN,UNKNOWN,UNKNOWN,TRUE,TRUE,FALSE,FALSE,TRUE,TRUE
Klingbeil et al. 2019: no. A-B,Tripartite,Judah,TRUE,TRUE,FALSE,FALSE,TRUE,Double-line,TRUE,Single-line,Horizontal,UNKNOWN,UNKNOWN,]80-100] %,UNKNOWN,FALSE,TRUE,TRUE,FALSE,TRUE,FALSE
Klingbeil et al. 2019: no. C,Tripartite,Judah,TRUE,TRUE,FALSE,FALSE,TRUE,Double-line,TRUE,Single-line,Vertical,UNKNOWN,UNKNOWN,UNKNOWN,UNKNOWN,UNKNOWN,UNKNOWN,UNKNOWN,UNKNOWN,UNKNOWN,TRUE
Koch and Lipschits 2016,Bipartite,Judah,FALSE,TRUE,FALSE,FALSE,TRUE,Single-line,TRUE,Single-line,Horizontal,UNKNOWN,UNKNOWN,]60-80] %  ,UNKNOWN,FALSE,FALSE,FALSE,FALSE,TRUE,FALSE
Koch and Lipschits 2016: 346-347- no 5,Bipartite,Judah,FALSE,TRUE,FALSE,FALSE,TRUE,Double-line,TRUE,Single-line,Horizontal,UNKNOWN,UNKNOWN,]60-80] %  ,UNKNOWN,UNKNOWN,FALSE,UNKNOWN,TRUE,TRUE,UNKNOWN
Koch and Lipschits 2016: no. 6,Bipartite,Judah,FALSE,UNKNOWN,UNKNOWN,UNKNOWN,TRUE,Double-line,TRUE,Single-line,Horizontal,UNKNOWN,UNKNOWN,UNKNOWN,UNKNOWN,UNKNOWN,UNKNOWN,UNKNOWN,UNKNOWN,TRUE,UNKNOWN
Lipschits 2010,Bipartite,Judah,FALSE,TRUE,FALSE,FALSE,TRUE,Single-line,TRUE,Single-line?,Horizontal,UNKNOWN,UNKNOWN,]80-100] %,UNKNOWN,FALSE,FALSE,FALSE,TRUE,TRUE,FALSE
Lipschits 2011,Bipartite,Judah,FALSE,TRUE,FALSE,FALSE,TRUE,Double-line,TRUE,Single-line,Horizontal,Scaraboid,Organic,]80-100] %,TRUE,FALSE,FALSE,FALSE,FALSE,FALSE,FALSE
Mazar & Livyatan Ben-Arie 2015: n. B9,Plain aniconic,Judah,FALSE,TRUE,TRUE,FALSE,FALSE,,FALSE,,Horizontal,UNKNOWN,UNKNOWN,UNKNOWN,UNKNOWN,TRUE,TRUE,FALSE,FALSE,TRUE,TRUE
Mazar and A?ituv 2011,Plain iconic,Israel,TRUE,FALSE,FALSE,FALSE,FALSE,,TRUE,Single-line,Horizontal,Scaraboid,Stone,]60-80] %  ,TRUE,FALSE,UNKNOWN,FALSE,FALSE,TRUE,
Mazar & Livyatan Ben-Arie 2015: n. B1-B2,Bipartite,Judah,FALSE,TRUE,FALSE,UNKNOWN,TRUE,Double-line,TRUE,Single-line,Horizontal,UNKNOWN,UNKNOWN,]80-100] %,UNKNOWN,UNKNOWN,UNKNOWN,UNKNOWN,UNKNOWN,UNKNOWN,UNKNOWN
Mazar & Livyatan Ben-Arie 2015: n. B3,Bipartite,Judah,FALSE,TRUE,FALSE,FALSE,TRUE,Double-line,,Double-line,Horizontal,UNKNOWN,UNKNOWN,]80-100] %,UNKNOWN,FALSE,FALSE,UNKNOWN,FALSE,UNKNOWN,FALSE
Mazar & Livyatan Ben-Arie 2015: n. B4,Bipartite,Judah,FALSE,TRUE,FALSE,FALSE,TRUE,Double-line,TRUE,Single-line,Horizontal,UNKNOWN,UNKNOWN,]60-80] %  ,UNKNOWN,TRUE,FALSE,FALSE,FALSE,TRUE,TRUE
Mazar & Livyatan Ben-Arie 2015: n. B5,Bipartite,Judah,FALSE,TRUE,FALSE,FALSE,TRUE,Lotus-bud,,Single-line,Horizontal,UNKNOWN,UNKNOWN,]60-80] %  ,UNKNOWN,TRUE,TRUE,FALSE,FALSE,UNKNOWN,TRUE
Mazar & Livyatan Ben-Arie 2015: n. B6,UNKNOWN,Judah,UNKNOWN,UNKNOWN,UNKNOWN,UNKNOWN,TRUE,Ladder pattern,UNKNOWN,UNKNOWN,UNKNOWN,UNKNOWN,UNKNOWN,]60-80] %  ,UNKNOWN,FALSE,FALSE,UNKNOWN,UNKNOWN,UNKNOWN,UNKNOWN
Mazar & Livyatan Ben-Arie 2015: n. B7,Bipartite,Judah,FALSE,TRUE,FALSE,FALSE,TRUE,Double-line,TRUE,Double-line,Horizontal,UNKNOWN,UNKNOWN,]60-80] %  ,UNKNOWN,UNKNOWN,TRUE,UNKNOWN,FALSE,UNKNOWN,UNKNOWN
Mazar & Livyatan Ben-Arie 2015: n. B8,Bipartite,Judah,FALSE,TRUE,FALSE,FALSE,TRUE,Double-line,TRUE,Double-line,Horizontal,UNKNOWN,UNKNOWN,]80-100] %,UNKNOWN,TRUE,FALSE,FALSE,FALSE,TRUE,TRUE
Mazar & Livyatan Ben-Arie 2015: n. B10,UNKNOWN,Judah,UNKNOWN,TRUE,UNKNOWN,UNKNOWN,TRUE,Double-line,UNKNOWN,UNKNOWN,UNKNOWN,UNKNOWN,UNKNOWN,]80-100] %,UNKNOWN,UNKNOWN,UNKNOWN,UNKNOWN,UNKNOWN,UNKNOWN,UNKNOWN
Mazar & Livyatan Ben-Arie 2015: n. B11,Bipartite,Judah,UNKNOWN,FALSE,FALSE,TRUE,TRUE,Double-line,TRUE,Single-line,Horizontal,UNKNOWN,UNKNOWN,]60-80] %  ,UNKNOWN,FALSE,FALSE,UNKNOWN,UNKNOWN,TRUE,
Mazar & Livyatan Ben-Arie 2015: n. B12,Bipartite,Judah,FALSE,TRUE,FALSE,FALSE,TRUE,Double-line,UNKNOWN,UNKNOWN,Horizontal,UNKNOWN,UNKNOWN,]80-100] %,UNKNOWN,UNKNOWN,UNKNOWN,UNKNOWN,UNKNOWN,UNKNOWN,UNKNOWN
Mazar & Livyatan Ben-Arie 2015: n. B13,UNKNOWN,Judah,FALSE,TRUE,UNKNOWN,UNKNOWN,UNKNOWN,TBD,TRUE,Double-line,UNKNOWN,UNKNOWN,UNKNOWN,UNKNOWN,UNKNOWN,TRUE,UNKNOWN,FALSE,UNKNOWN,TRUE,FALSE
Mazar & Livyatan Ben-Arie 2015: n. B14,Bipartite,Judah,FALSE,TRUE,FALSE,FALSE,TRUE,Double-line,TRUE,Single-line,Horizontal,UNKNOWN,UNKNOWN,]80-100] %,UNKNOWN,FALSE,FALSE,FALSE,TRUE,TRUE,TRUE
Mazar & Livyatan Ben-Arie 2015: n. B15,Bipartite,Judah,FALSE,TRUE,FALSE,FALSE,TRUE,Lotus-bud,,Single-line,Horizontal,UNKNOWN,UNKNOWN,]60-80] %  ,UNKNOWN,FALSE,FALSE,FALSE,TRUE,TRUE,TRUE
Mazar & Livyatan Ben-Arie 2015: n. B16,Bipartite,Judah,FALSE,TRUE,FALSE,FALSE,TRUE,Double-line,UNKNOWN,UNKNOWN,Horizontal,UNKNOWN,UNKNOWN,UNKNOWN,UNKNOWN,UNKNOWN,UNKNOWN,FALSE,UNKNOWN,TRUE,UNKNOWN
Mazar & Livyatan Ben-Arie 2015: n. B17,UNKNOWN,Judah,UNKNOWN,UNKNOWN,UNKNOWN,UNKNOWN,TBD,TBD,,Single-line,UNKNOWN,UNKNOWN,UNKNOWN,UNKNOWN,UNKNOWN,UNKNOWN,UNKNOWN,UNKNOWN,UNKNOWN,UNKNOWN,UNKNOWN
Mazar & Livyatan Ben-Arie 2015: n. B18,UNKNOWN,Judah,UNKNOWN,TRUE,UNKNOWN,FALSE,TRUE,Double-line,,Double-line,UNKNOWN,UNKNOWN,UNKNOWN,UNKNOWN,UNKNOWN,UNKNOWN,UNKNOWN,UNKNOWN,UNKNOWN,UNKNOWN,UNKNOWN
Mazar & Livyatan Ben-Arie 2015: n. B19,UNKNOWN,Judah,UNKNOWN,TRUE,UNKNOWN,FALSE,TRUE,Double-line,UNKNOWN,UNKNOWN,UNKNOWN,UNKNOWN,UNKNOWN,UNKNOWN,UNKNOWN,UNKNOWN,UNKNOWN,UNKNOWN,UNKNOWN,UNKNOWN,UNKNOWN
Mazar & Livyatan Ben-Arie 2015: n. B20,Bipartite,Judah,FALSE,TRUE,FALSE,FALSE,TRUE,Triple-line,,Double-line,Horizontal,UNKNOWN,UNKNOWN,]80-100] %,UNKNOWN,UNKNOWN,UNKNOWN,FALSE,UNKNOWN,TRUE,UNKNOWN
Mazar & Livyatan Ben-Arie 2015: n. B21,UNKNOWN,Judah,UNKNOWN,UNKNOWN,UNKNOWN,UNKNOWN,TRUE,Double-line,UNKNOWN,UNKNOWN,Horizontal,UNKNOWN,UNKNOWN,UNKNOWN,UNKNOWN,UNKNOWN,UNKNOWN,UNKNOWN,UNKNOWN,TRUE,UNKNOWN
Mazar & Livyatan Ben-Arie 2015: n. B22,UNKNOWN,Judah,UNKNOWN,TRUE,UNKNOWN,FALSE,TBD,TBD,TRUE,Single-line,UNKNOWN,UNKNOWN,UNKNOWN,UNKNOWN,UNKNOWN,UNKNOWN,UNKNOWN,UNKNOWN,UNKNOWN,UNKNOWN,TRUE
Mazar & Livyatan Ben-Arie 2015: n. B23,UNKNOWN,Judah,UNKNOWN,TRUE,UNKNOWN,FALSE,TRUE,Double-line,UNKNOWN,UNKNOWN,UNKNOWN,UNKNOWN,UNKNOWN,UNKNOWN,UNKNOWN,UNKNOWN,UNKNOWN,UNKNOWN,UNKNOWN,UNKNOWN,UNKNOWN
Mazar & Livyatan Ben-Arie 2015: n. B24,UNKNOWN,Judah,UNKNOWN,UNKNOWN,UNKNOWN,UNKNOWN,TRUE,Double-line,UNKNOWN,UNKNOWN,UNKNOWN,UNKNOWN,UNKNOWN,UNKNOWN,UNKNOWN,UNKNOWN,UNKNOWN,UNKNOWN,UNKNOWN,TRUE,UNKNOWN
Mazar & Livyatan Ben-Arie 2015: n. B25,UNKNOWN,Judah,UNKNOWN,UNKNOWN,UNKNOWN,UNKNOWN,TRUE,Single-line,UNKNOWN,UNKNOWN,UNKNOWN,UNKNOWN,UNKNOWN,UNKNOWN,UNKNOWN,UNKNOWN,UNKNOWN,UNKNOWN,UNKNOWN,UNKNOWN,UNKNOWN
Mazar & Livyatan Ben-Arie 2015: n. B26,UNKNOWN,Judah,UNKNOWN,UNKNOWN,UNKNOWN,UNKNOWN,UNKNOWN,UNKNOWN,TRUE,Single-line,UNKNOWN,UNKNOWN,UNKNOWN,UNKNOWN,UNKNOWN,UNKNOWN,UNKNOWN,UNKNOWN,UNKNOWN,UNKNOWN,UNKNOWN
Mazar & Livyatan Ben-Arie 2015: n. B27,UNKNOWN,Judah,FALSE,UNKNOWN,UNKNOWN,UNKNOWN,TRUE,Double-line,UNKNOWN,UNKNOWN,Horizontal,UNKNOWN,UNKNOWN,UNKNOWN,UNKNOWN,UNKNOWN,UNKNOWN,UNKNOWN,UNKNOWN,UNKNOWN,TRUE
Mazar & Livyatan Ben-Arie 2015: n. B28,UNKNOWN,Judah,UNKNOWN,UNKNOWN,UNKNOWN,UNKNOWN,TRUE,Double-line,,Single-line,Horizontal,UNKNOWN,UNKNOWN,UNKNOWN,UNKNOWN,UNKNOWN,UNKNOWN,UNKNOWN,UNKNOWN,FALSE,UNKNOWN
Mazar & Livyatan Ben-Arie 2015: n. B29,UNKNOWN,Judah,UNKNOWN,UNKNOWN,UNKNOWN,UNKNOWN,TRUE,Double-line,UNKNOWN,UNKNOWN,UNKNOWN,UNKNOWN,UNKNOWN,UNKNOWN,UNKNOWN,UNKNOWN,UNKNOWN,UNKNOWN,UNKNOWN,UNKNOWN,UNKNOWN
Mazar & Livyatan Ben-Arie 2015: n. B30,UNKNOWN,Judah,UNKNOWN,UNKNOWN,UNKNOWN,UNKNOWN,UNKNOWN,UNKNOWN,TRUE,Double-line,UNKNOWN,UNKNOWN,UNKNOWN,UNKNOWN,UNKNOWN,UNKNOWN,UNKNOWN,UNKNOWN,UNKNOWN,UNKNOWN,UNKNOWN
Mazar & Livyatan Ben-Arie 2015: n. B31,UNKNOWN,Judah,UNKNOWN,UNKNOWN,UNKNOWN,UNKNOWN,UNKNOWN,UNKNOWN,TRUE,Single-line,UNKNOWN,UNKNOWN,UNKNOWN,UNKNOWN,UNKNOWN,UNKNOWN,UNKNOWN,UNKNOWN,UNKNOWN,TRUE,UNKNOWN
Mazar & Livyatan Ben-Arie 2015: n. B32,UNKNOWN,Judah,UNKNOWN,UNKNOWN,UNKNOWN,UNKNOWN,UNKNOWN,UNKNOWN,UNKNOWN,UNKNOWN,UNKNOWN,UNKNOWN,UNKNOWN,UNKNOWN,UNKNOWN,UNKNOWN,UNKNOWN,UNKNOWN,UNKNOWN,UNKNOWN,UNKNOWN
Mazar & Livyatan Ben-Arie 2015: n. B33,UNKNOWN,Judah,UNKNOWN,UNKNOWN,UNKNOWN,UNKNOWN,TRUE,Double-line,,Single-line,UNKNOWN,UNKNOWN,UNKNOWN,UNKNOWN,UNKNOWN,UNKNOWN,UNKNOWN,UNKNOWN,UNKNOWN,UNKNOWN,UNKNOWN
Mazar & Livyatan Ben-Arie 2015: n. B34,UNKNOWN,Judah,UNKNOWN,UNKNOWN,UNKNOWN,UNKNOWN,UNKNOWN,UNKNOWN,,Double-line,UNKNOWN,UNKNOWN,UNKNOWN,UNKNOWN,UNKNOWN,UNKNOWN,UNKNOWN,UNKNOWN,UNKNOWN,TRUE,UNKNOWN
Mazar & Livyatan Ben-Arie 2015: n. B35,UNKNOWN,Judah,FALSE,UNKNOWN,UNKNOWN,UNKNOWN,TRUE,Double-line,UNKNOWN,UNKNOWN,Horizontal,UNKNOWN,UNKNOWN,UNKNOWN,UNKNOWN,UNKNOWN,UNKNOWN,UNKNOWN,UNKNOWN,TRUE,UNKNOWN
Mazar & Livyatan Ben-Arie 2015: n. B36,UNKNOWN,Judah,UNKNOWN,UNKNOWN,UNKNOWN,UNKNOWN,TRUE,Double-line,UNKNOWN,UNKNOWN,UNKNOWN,UNKNOWN,UNKNOWN,UNKNOWN,UNKNOWN,UNKNOWN,UNKNOWN,UNKNOWN,UNKNOWN,UNKNOWN,UNKNOWN
Mazar & Livyatan Ben-Arie 2015: n. B37,UNKNOWN,Judah,FALSE,TRUE,UNKNOWN,UNKNOWN,UNKNOWN,UNKNOWN,UNKNOWN,UNKNOWN,UNKNOWN,UNKNOWN,UNKNOWN,UNKNOWN,UNKNOWN,TRUE,TRUE,FALSE,FALSE,UNKNOWN,TRUE
Mazar & Livyatan Ben-Arie 2015: n. B38,UNKNOWN,Judah,UNKNOWN,UNKNOWN,UNKNOWN,UNKNOWN,UNKNOWN,UNKNOWN,TRUE,Single-line,UNKNOWN,UNKNOWN,UNKNOWN,UNKNOWN,UNKNOWN,UNKNOWN,UNKNOWN,UNKNOWN,UNKNOWN,UNKNOWN,UNKNOWN
Mazar & Livyatan Ben-Arie 2015: n. B39,UNKNOWN,Judah,UNKNOWN,UNKNOWN,UNKNOWN,UNKNOWN,TRUE,Double-line,TRUE,Single-line,UNKNOWN,UNKNOWN,UNKNOWN,UNKNOWN,UNKNOWN,UNKNOWN,UNKNOWN,UNKNOWN,UNKNOWN,UNKNOWN,UNKNOWN
Mazar & Livyatan Ben-Arie 2015: n. B40,UNKNOWN,Judah,UNKNOWN,UNKNOWN,UNKNOWN,UNKNOWN,UNKNOWN,UNKNOWN,,Single-line,UNKNOWN,UNKNOWN,UNKNOWN,UNKNOWN,UNKNOWN,UNKNOWN,UNKNOWN,UNKNOWN,UNKNOWN,UNKNOWN,UNKNOWN
Mazar & Livyatan Ben-Arie 2015: n. B41,UNKNOWN,Judah,UNKNOWN,UNKNOWN,UNKNOWN,UNKNOWN,TRUE,Ladder pattern,TRUE,Single-line,UNKNOWN,UNKNOWN,UNKNOWN,UNKNOWN,UNKNOWN,UNKNOWN,UNKNOWN,UNKNOWN,UNKNOWN,UNKNOWN,UNKNOWN
Mazar & Livyatan Ben-Arie 2015: n. B42,UNKNOWN,Judah,UNKNOWN,UNKNOWN,UNKNOWN,UNKNOWN,TRUE,Double-line,,Single-line,UNKNOWN,UNKNOWN,UNKNOWN,UNKNOWN,UNKNOWN,UNKNOWN,UNKNOWN,UNKNOWN,UNKNOWN,UNKNOWN,UNKNOWN
Mazar & Livyatan Ben-Arie 2015: n. B43,UNKNOWN,Judah,UNKNOWN,UNKNOWN,UNKNOWN,UNKNOWN,TRUE,Double-line,UNKNOWN,UNKNOWN,UNKNOWN,UNKNOWN,UNKNOWN,UNKNOWN,UNKNOWN,UNKNOWN,UNKNOWN,UNKNOWN,UNKNOWN,UNKNOWN,UNKNOWN
Mazar & Livyatan Ben-Arie 2015: n. B44,UNKNOWN,Judah,FALSE,TRUE,FALSE,FALSE,TRUE,Double-line,UNKNOWN,UNKNOWN,Horizontal,UNKNOWN,UNKNOWN,UNKNOWN,UNKNOWN,UNKNOWN,TRUE,UNKNOWN,FALSE,UNKNOWN,TRUE
Mazar & Livyatan Ben-Arie 2015: n. B45,UNKNOWN,Judah,UNKNOWN,UNKNOWN,UNKNOWN,UNKNOWN,UNKNOWN,UNKNOWN,UNKNOWN,UNKNOWN,UNKNOWN,UNKNOWN,UNKNOWN,UNKNOWN,UNKNOWN,UNKNOWN,UNKNOWN,UNKNOWN,UNKNOWN,UNKNOWN,UNKNOWN
Mazar & Livyatan Ben-Arie 2015: n. B46,UNKNOWN,Judah,UNKNOWN,UNKNOWN,UNKNOWN,UNKNOWN,TRUE,Double-line,UNKNOWN,UNKNOWN,UNKNOWN,UNKNOWN,UNKNOWN,UNKNOWN,UNKNOWN,UNKNOWN,UNKNOWN,UNKNOWN,UNKNOWN,UNKNOWN,UNKNOWN
Mazar & Livyatan Ben-Arie 2015: n. B47,UNKNOWN,Judah,UNKNOWN,UNKNOWN,UNKNOWN,UNKNOWN,TRUE,Double-line,UNKNOWN,UNKNOWN,UNKNOWN,UNKNOWN,UNKNOWN,UNKNOWN,UNKNOWN,UNKNOWN,UNKNOWN,UNKNOWN,UNKNOWN,UNKNOWN,UNKNOWN
Mazar & Livyatan Ben-Arie 2015: n. B48,UNKNOWN,Judah,FALSE,UNKNOWN,UNKNOWN,UNKNOWN,TRUE,Double-line,,Single-line,Vertical,UNKNOWN,UNKNOWN,UNKNOWN,UNKNOWN,UNKNOWN,UNKNOWN,UNKNOWN,UNKNOWN,TRUE,UNKNOWN
Mazar & Livyatan Ben-Arie 2015: n. B49,UNKNOWN,Judah,FALSE,TRUE,UNKNOWN,FALSE,TRUE,Double-line,TRUE,Single-line,Horizontal,UNKNOWN,UNKNOWN,UNKNOWN,UNKNOWN,UNKNOWN,UNKNOWN,UNKNOWN,UNKNOWN,UNKNOWN,UNKNOWN
Mazar & Livyatan Ben-Arie 2015: n. B50,UNKNOWN,Judah,UNKNOWN,TRUE,FALSE,FALSE,TRUE,Double-line,UNKNOWN,UNKNOWN,UNKNOWN,UNKNOWN,UNKNOWN,UNKNOWN,UNKNOWN,UNKNOWN,UNKNOWN,UNKNOWN,UNKNOWN,UNKNOWN,UNKNOWN
Mazar & Livyatan Ben-Arie 2015: n. B51,UNKNOWN,Judah,UNKNOWN,UNKNOWN,UNKNOWN,UNKNOWN,UNKNOWN,UNKNOWN,TRUE,Single-line,UNKNOWN,UNKNOWN,UNKNOWN,UNKNOWN,UNKNOWN,UNKNOWN,UNKNOWN,UNKNOWN,UNKNOWN,UNKNOWN,UNKNOWN
Mazar & Livyatan Ben-Arie 2015: n. B52,UNKNOWN,Judah,UNKNOWN,UNKNOWN,UNKNOWN,UNKNOWN,TRUE,Double-line,TRUE,Single-line,Horizontal,UNKNOWN,UNKNOWN,UNKNOWN,UNKNOWN,UNKNOWN,UNKNOWN,UNKNOWN,UNKNOWN,UNKNOWN,UNKNOWN
Mazar & Livyatan Ben-Arie 2015: n. B53,UNKNOWN,Judah,UNKNOWN,UNKNOWN,UNKNOWN,UNKNOWN,TRUE,Double-line,TRUE,Single-line,UNKNOWN,UNKNOWN,UNKNOWN,UNKNOWN,UNKNOWN,UNKNOWN,UNKNOWN,UNKNOWN,UNKNOWN,UNKNOWN,UNKNOWN
Mazar & Livyatan Ben-Arie 2015: n. B59,Plain iconic,Judah,TRUE,FALSE,FALSE,FALSE,FALSE,,TRUE,Single-line,Horizontal,UNKNOWN,UNKNOWN,UNKNOWN,UNKNOWN,FALSE,UNKNOWN,FALSE,UNKNOWN,TRUE,
Mazar & Livyatan Ben-Arie 2015: n. B62,UNKNOWN,Judah,TRUE,UNKNOWN,UNKNOWN,UNKNOWN,UNKNOWN,UNKNOWN,UNKNOWN,UNKNOWN,UNKNOWN,UNKNOWN,UNKNOWN,UNKNOWN,UNKNOWN,UNKNOWN,UNKNOWN,UNKNOWN,UNKNOWN,UNKNOWN,UNKNOWN
Mazar & Livyatan Ben-Arie 2015: n. B63,UNKNOWN,Judah,UNKNOWN,UNKNOWN,UNKNOWN,UNKNOWN,UNKNOWN,UNKNOWN,UNKNOWN,UNKNOWN,UNKNOWN,UNKNOWN,UNKNOWN,UNKNOWN,UNKNOWN,UNKNOWN,UNKNOWN,UNKNOWN,UNKNOWN,UNKNOWN,UNKNOWN
Mazar & Livyatan Ben-Arie 2015: n. B64,UNKNOWN,Judah,UNKNOWN,UNKNOWN,UNKNOWN,UNKNOWN,TRUE,Double-line,UNKNOWN,UNKNOWN,UNKNOWN,UNKNOWN,UNKNOWN,UNKNOWN,UNKNOWN,UNKNOWN,UNKNOWN,UNKNOWN,UNKNOWN,UNKNOWN,UNKNOWN
Mazar & Livyatan Ben-Arie 2015: n. B65,Plain iconic,Judah,TRUE,UNKNOWN,UNKNOWN,UNKNOWN,FALSE,,TRUE,Double-line,UNKNOWN,UNKNOWN,UNKNOWN,UNKNOWN,UNKNOWN,UNKNOWN,UNKNOWN,UNKNOWN,UNKNOWN,UNKNOWN,UNKNOWN
Mazar 2015; Mazar & Livyatan Ben-Arie 2018: n. B1,Plain iconic,Judah,TRUE,TRUE,FALSE,TRUE,FALSE,,TRUE,Triple-line,Horizontal,UNKNOWN,UNKNOWN,]80-100] %,UNKNOWN,TRUE,FALSE,FALSE,FALSE,TRUE,FALSE
Mazar & Livyatan Ben-Arie 2018: n. B2,Tripartite,Judah,FALSE,TRUE,TRUE,FALSE,TRUE,Double-line,UNKNOWN,UNKNOWN,Vertical,UNKNOWN,UNKNOWN,UNKNOWN,UNKNOWN,FALSE,FALSE,TRUE,FALSE,TRUE,TRUE
Mazar & Livyatan Ben-Arie 2018: n. B5,Plain aniconic,Judah,FALSE,TRUE,TRUE,FALSE,FALSE,,TRUE,UNKNOWN,Vertical,UNKNOWN,UNKNOWN,UNKNOWN,UNKNOWN,FALSE,UNKNOWN,FALSE,UNKNOWN,TRUE,TRUE
Mazar & Livyatan Ben-Arie 2018: n. B6,UNKNOWN,Judah,UNKNOWN,UNKNOWN,UNKNOWN,FALSE,TRUE,Double-line,TRUE,Double-line,UNKNOWN,UNKNOWN,UNKNOWN,UNKNOWN,UNKNOWN,UNKNOWN,UNKNOWN,UNKNOWN,UNKNOWN,UNKNOWN,TRUE
Mazar & Livyatan Ben-Arie 2018: n. B7,UNKNOWN,Judah,UNKNOWN,UNKNOWN,UNKNOWN,FALSE,UNKNOWN,UNKNOWN,UNKNOWN,UNKNOWN,UNKNOWN,UNKNOWN,UNKNOWN,UNKNOWN,UNKNOWN,UNKNOWN,UNKNOWN,UNKNOWN,UNKNOWN,UNKNOWN,TRUE
Mazar & Livyatan Ben-Arie 2018: n. B8,UNKNOWN,Judah,UNKNOWN,UNKNOWN,UNKNOWN,FALSE,TRUE,Double-line,TRUE,Dot border between single lines,UNKNOWN,UNKNOWN,UNKNOWN,UNKNOWN,UNKNOWN,UNKNOWN,UNKNOWN,UNKNOWN,UNKNOWN,UNKNOWN,TRUE
Mazar & Livyatan Ben-Arie 2018: n. B9,Bipartite,Judah,FALSE,TRUE,FALSE,FALSE,TRUE,Double-line,TRUE,Single-line,Horizontal,UNKNOWN,UNKNOWN,]80-100] %,UNKNOWN,TRUE,TRUE,FALSE,FALSE,TRUE,FALSE
Mazar & Livyatan Ben-Arie 2018: n. B10,Bipartite,Judah,FALSE,TRUE,FALSE,FALSE,TRUE,Double-line,TRUE,Double-line,Horizontal,UNKNOWN,UNKNOWN,]60-80] %  ,UNKNOWN,TRUE,TRUE,FALSE,FALSE,TRUE,FALSE
Mazar & Livyatan Ben-Arie 2018: n. B11,Tripartite,Judah,TRUE,FALSE,FALSE,FALSE,TRUE,Single-line,TRUE,Double-line,Vertical,UNKNOWN,UNKNOWN,]40-60] %  ,UNKNOWN,FALSE,FALSE,FALSE,FALSE,TRUE,
Mazar & Livyatan Ben-Arie 2018: n. B12,Tripartite,Judah,TRUE,TRUE,FALSE,FALSE,TRUE,Double-line,TRUE,Double-line,Vertical,UNKNOWN,UNKNOWN,UNKNOWN,UNKNOWN,TRUE,FALSE,FALSE,FALSE,TRUE,FALSE
Mazar and Livyatan Ben-Arie 2018: n. B13,UNKNOWN,Judah,FALSE,TRUE,FALSE,FALSE,TRUE,Double-line,UNKNOWN,UNKNOWN,Horizontal,UNKNOWN,UNKNOWN,UNKNOWN,UNKNOWN,UNKNOWN,TRUE,UNKNOWN,FALSE,UNKNOWN,UNKNOWN
Mazar and Livyatan Ben-Arie 2018: n. B14,UNKNOWN,Judah,UNKNOWN,UNKNOWN,UNKNOWN,UNKNOWN,UNKNOWN,UNKNOWN,TRUE,Ladder design,UNKNOWN,UNKNOWN,UNKNOWN,UNKNOWN,UNKNOWN,UNKNOWN,UNKNOWN,UNKNOWN,UNKNOWN,UNKNOWN,UNKNOWN
Mazar and Livyatan Ben-Arie 2018: n. B15,Bipartite,Judah,FALSE,UNKNOWN,FALSE,UNKNOWN,TRUE,Double-line,TRUE,,Horizontal,UNKNOWN,UNKNOWN,UNKNOWN,UNKNOWN,UNKNOWN,UNKNOWN,UNKNOWN,UNKNOWN,TRUE,UNKNOWN
Mazar and Livyatan Ben-Arie 2018: n. B16,UNKNOWN,Judah,UNKNOWN,UNKNOWN,UNKNOWN,UNKNOWN,UNKNOWN,UNKNOWN,UNKNOWN,UNKNOWN,UNKNOWN,UNKNOWN,UNKNOWN,UNKNOWN,UNKNOWN,UNKNOWN,UNKNOWN,UNKNOWN,UNKNOWN,TRUE,UNKNOWN
Mazar and Livyatan Ben-Arie 2018: n. B17,UNKNOWN,Judah,TRUE,UNKNOWN,UNKNOWN,UNKNOWN,TRUE,Double-line,TRUE,Single-line,Vertical,UNKNOWN,UNKNOWN,UNKNOWN,UNKNOWN,UNKNOWN,UNKNOWN,UNKNOWN,UNKNOWN,TRUE,UNKNOWN
Mazar and Livyatan Ben-Arie 2018: n. B18,Bipartite,Judah,FALSE,TRUE,FALSE,FALSE,TRUE,Double-line,TRUE,Double-line,Horizontal,UNKNOWN,UNKNOWN,UNKNOWN,UNKNOWN,UNKNOWN,UNKNOWN,UNKNOWN,UNKNOWN,TRUE,UNKNOWN
Mazar and Livyatan Ben-Arie 2018: n. B19,UNKNOWN,Judah,UNKNOWN,UNKNOWN,UNKNOWN,UNKNOWN,UNKNOWN,UNKNOWN,UNKNOWN,UNKNOWN,UNKNOWN,UNKNOWN,UNKNOWN,UNKNOWN,UNKNOWN,UNKNOWN,UNKNOWN,UNKNOWN,UNKNOWN,UNKNOWN,UNKNOWN
Mazar and Livyatan Ben-Arie 2018: n. B20,Bipartite,Judah,FALSE,TRUE,FALSE,FALSE,TRUE,Single-line,UNKNOWN,UNKNOWN,Horizontal,UNKNOWN,UNKNOWN,UNKNOWN,UNKNOWN,TRUE,UNKNOWN,FALSE,UNKNOWN,UNKNOWN,UNKNOWN
Mazar and Livyatan Ben-Arie 2018: n. B21,UNKNOWN,Judah,TRUE,UNKNOWN,UNKNOWN,UNKNOWN,UNKNOWN,UNKNOWN,TRUE,Double-line,UNKNOWN,UNKNOWN,UNKNOWN,UNKNOWN,UNKNOWN,UNKNOWN,UNKNOWN,UNKNOWN,UNKNOWN,UNKNOWN,UNKNOWN
Mazar and Livyatan Ben-Arie 2018: n. B22,UNKNOWN,Judah,UNKNOWN,UNKNOWN,UNKNOWN,UNKNOWN,UNKNOWN,UNKNOWN,UNKNOWN,UNKNOWN,UNKNOWN,UNKNOWN,UNKNOWN,UNKNOWN,UNKNOWN,UNKNOWN,UNKNOWN,UNKNOWN,UNKNOWN,UNKNOWN,UNKNOWN
Mazar and Livyatan Ben-Arie 2018: n. B23,Bipartite,Judah,FALSE,UNKNOWN,UNKNOWN,UNKNOWN,TRUE,Double-line,TRUE,Two lines filled with dots,Horizontal,UNKNOWN,UNKNOWN,UNKNOWN,UNKNOWN,UNKNOWN,UNKNOWN,UNKNOWN,UNKNOWN,UNKNOWN,UNKNOWN
Mazar and Livyatan Ben-Arie 2018: n. B24,UNKNOWN,Judah,UNKNOWN,UNKNOWN,UNKNOWN,UNKNOWN,UNKNOWN,UNKNOWN,UNKNOWN,UNKNOWN,UNKNOWN,UNKNOWN,UNKNOWN,UNKNOWN,UNKNOWN,UNKNOWN,UNKNOWN,UNKNOWN,UNKNOWN,UNKNOWN,UNKNOWN
Mendel-Geberovich et al. 2020: Fig. 5,Bipartite,Judah,FALSE,TRUE,FALSE,FALSE,TRUE,Single-line,TRUE,Single-line,Horizontal,Scaraboid,Stone,]80-100] %,TRUE,TRUE,FALSE,FALSE,TRUE,TRUE,FALSE
Mendel-Geberovich et al. 2020: no. 1,UNKNOWN,Judah,UNKNOWN,UNKNOWN,UNKNOWN,UNKNOWN,TRUE,Double-line,UNKNOWN,UNKNOWN,UNKNOWN,UNKNOWN,UNKNOWN,UNKNOWN,UNKNOWN,UNKNOWN,UNKNOWN,UNKNOWN,UNKNOWN,UNKNOWN,UNKNOWN
Mendel-Geberovich et al. 2020: no. 10,UNKNOWN,Judah,TRUE,UNKNOWN,UNKNOWN,UNKNOWN,TRUE,Single-line,UNKNOWN,UNKNOWN,UNKNOWN,UNKNOWN,UNKNOWN,UNKNOWN,UNKNOWN,UNKNOWN,UNKNOWN,UNKNOWN,UNKNOWN,TRUE,UNKNOWN
Mendel-Geberovich et al. 2020: no. 11,UNKNOWN,Judah,TRUE,TRUE,UNKNOWN,FALSE,TRUE,Double-line,UNKNOWN,UNKNOWN,UNKNOWN,UNKNOWN,UNKNOWN,UNKNOWN,UNKNOWN,UNKNOWN,UNKNOWN,UNKNOWN,UNKNOWN,UNKNOWN,UNKNOWN
Mendel-Geberovich et al. 2020: no. 12,Bipartite,Judah,FALSE,UNKNOWN,UNKNOWN,UNKNOWN,TRUE,Floral pattern,UNKNOWN,UNKNOWN,Horizontal,UNKNOWN,UNKNOWN,UNKNOWN,UNKNOWN,UNKNOWN,UNKNOWN,UNKNOWN,UNKNOWN,TRUE,UNKNOWN
Mendel-Geberovich et al. 2020: no. 13,UNKNOWN,Judah,UNKNOWN,UNKNOWN,UNKNOWN,UNKNOWN,TRUE,Double-line,UNKNOWN,UNKNOWN,UNKNOWN,UNKNOWN,UNKNOWN,UNKNOWN,UNKNOWN,UNKNOWN,UNKNOWN,UNKNOWN,UNKNOWN,UNKNOWN,UNKNOWN
Mendel-Geberovich et al. 2020: no. 2,Bipartite,Judah,FALSE,TRUE,FALSE,FALSE,TRUE,Double-line,TRUE,Single-line,Horizontal,UNKNOWN,UNKNOWN,UNKNOWN,UNKNOWN,TRUE,FALSE,FALSE,FALSE,TRUE,FALSE
Mendel-Geberovich et al. 2020: no. 3,UNKNOWN,Judah,UNKNOWN,UNKNOWN,UNKNOWN,UNKNOWN,TRUE,Single-line,UNKNOWN,UNKNOWN,UNKNOWN,UNKNOWN,UNKNOWN,UNKNOWN,UNKNOWN,UNKNOWN,UNKNOWN,UNKNOWN,UNKNOWN,UNKNOWN,UNKNOWN
Mendel-Geberovich et al. 2020: no. 4,UNKNOWN,Judah,UNKNOWN,TRUE,UNKNOWN,UNKNOWN,TRUE,Double-line,TRUE,Single-line,UNKNOWN,UNKNOWN,UNKNOWN,UNKNOWN,UNKNOWN,UNKNOWN,UNKNOWN,UNKNOWN,UNKNOWN,TRUE,UNKNOWN
Mendel-Geberovich et al. 2020: no. 5,UNKNOWN,Judah,UNKNOWN,UNKNOWN,UNKNOWN,UNKNOWN,TRUE,Double-line,UNKNOWN,UNKNOWN,UNKNOWN,UNKNOWN,UNKNOWN,UNKNOWN,UNKNOWN,UNKNOWN,UNKNOWN,UNKNOWN,UNKNOWN,UNKNOWN,UNKNOWN
Mendel-Geberovich et al. 2020: no. 6,UNKNOWN,Judah,UNKNOWN,UNKNOWN,UNKNOWN,UNKNOWN,TRUE,Single-line(?),UNKNOWN,UNKNOWN,UNKNOWN,UNKNOWN,UNKNOWN,UNKNOWN,UNKNOWN,TRUE,UNKNOWN,FALSE,UNKNOWN,UNKNOWN,UNKNOWN
Mendel-Geberovich et al. 2020: no. 7,UNKNOWN,Judah,UNKNOWN,TRUE,UNKNOWN,UNKNOWN,TRUE,Single-line,UNKNOWN,UNKNOWN,UNKNOWN,UNKNOWN,UNKNOWN,UNKNOWN,UNKNOWN,TRUE,UNKNOWN,FALSE,UNKNOWN,UNKNOWN,UNKNOWN
Mendel-Geberovich et al. 2020: no. 8,UNKNOWN,Judah,UNKNOWN,TRUE,UNKNOWN,FALSE,TRUE,Triple-line,TRUE,Single-line,UNKNOWN,UNKNOWN,UNKNOWN,UNKNOWN,UNKNOWN,UNKNOWN,UNKNOWN,UNKNOWN,UNKNOWN,UNKNOWN,UNKNOWN
Mendel-Geberovich et al. 2020: no. 9,Bipartite,Judah,FALSE,TRUE,FALSE,FALSE,TRUE,Lotus-bud,TRUE,Single-line,Horizontal,UNKNOWN,UNKNOWN,]80-100] %,UNKNOWN,FALSE,FALSE,FALSE,FALSE,TRUE,TRUE
Mendel-Geberovitch et al. 2019,Bipartite,Judah,FALSE,TRUE,FALSE,FALSE,TRUE,Double-line,TRUE,Single-line,Horizontal,Scaraboid,Stone,]80-100] %,TRUE,FALSE,TRUE,FALSE,FALSE,TRUE,TRUE
Mendel-Geberovitch et al. 2019: 161-166,Bipartite,Judah,FALSE,FALSE,FALSE,TRUE,TRUE,Double-line,TRUE,Double-line,Horizontal,UNKNOWN,UNKNOWN,UNKNOWN,UNKNOWN,FALSE,UNKNOWN,FALSE,UNKNOWN,TRUE,
Miglio 2014,Exergual,Israel,TRUE,FALSE,FALSE,FALSE,TRUE,Single-line,TRUE,Single-line?,Vertical,UNKNOWN,UNKNOWN,]60-80] %  ,UNKNOWN,FALSE,UNKNOWN,FALSE,UNKNOWN,FALSE,
ONLINE 14/7/2021,Bipartite,Judah,FALSE,TRUE,,,TRUE,Double-line,TRUE,,Horizontal,,UNKNOWN,UNKNOWN,UNKNOWN,FALSE,,FALSE,,UNKNOWN,TRUE
Seligman 2009,Plain aniconic,Judah,FALSE,TRUE,FALSE,FALSE,FALSE,,Borderless?,Borderless?,Horizontal,UNKNOWN,UNKNOWN,UNKNOWN,UNKNOWN,FALSE,TRUE,FALSE,FALSE,FALSE,FALSE
Shai et al. 2011,TBD,,TBD,,,,,,,,,,,UNKNOWN,,,,,,,
Shai et al. 2014,Bipartite,Judah,FALSE,TRUE,FALSE,FALSE,TRUE,Double-line,TRUE,Single-line,Horizontal,UNKNOWN,UNKNOWN,UNKNOWN,UNKNOWN,FALSE,FALSE,FALSE,FALSE,TRUE,FALSE
Shukron 2012,Tripartite,Judah,FALSE,TRUE,TRUE,FALSE,TRUE,Double-line,TRUE,Double-line,Vertical,TBD,,UNKNOWN,TBD,TRUE,UNKNOWN,FALSE,UNKNOWN,TRUE,TRUE
Tufnell et al. 1953: Pl. 44A/45.158,Exergual,Judah,TRUE,UNKNOWN,UNKNOWN,UNKNOWN,TRUE,Single-line,TRUE,Single-line,Vertical,Conoid,Stone,]60-80] %  ,TRUE,UNKNOWN,UNKNOWN,UNKNOWN,UNKNOWN,FALSE,UNKNOWN
Tufnell et al. 1953: Pl. 44A/45.168,Bipartite,Judah,TRUE,FALSE,FALSE,FALSE,TRUE,Double-line,TRUE,Single-line,Horizontal,Scaraboid,Stone,]80-100] %,TRUE,UNKNOWN,UNKNOWN,UNKNOWN,UNKNOWN,UNKNOWN,
Ussishkin 2004c: 2138 No. 91,TBD,Judah,UNKNOWN,TRUE,FALSE,FALSE,UNKNOWN,TBD,UNKNOWN,UNKNOWN,Square,,UNKNOWN,UNKNOWN,UNKNOWN,FALSE,FALSE,FALSE,FALSE,TRUE,FALSE
Ussishkin 2004c: No. 80,UNKNOWN,Judah,FALSE,TRUE,FALSE,FALSE,TRUE,Single-line,UNKNOWN,UNKNOWN,Horizontal,UNKNOWN,UNKNOWN,UNKNOWN,UNKNOWN,TRUE,FALSE,FALSE,FALSE,FALSE,FALSE
Vainstub and Ben-Shlomo 2016,Tripartite,Judah,TRUE,TRUE,FALSE,FALSE,TRUE,Double-line,TRUE,Single-line,Vertical,Scaraboid,Stone,]80-100] %,TRUE,TRUE,FALSE,FALSE,FALSE,TRUE,FALSE
Vanderhooft et al. 2022,Bipartite,Judah,FALSE,FALSE,FALSE,TRUE,TRUE,Double-line,TRUE,Single-line,Horizontal,UNKNOWN,UNKNOWN,]80-100] %,UNKNOWN,TRUE,UNKNOWN,FALSE,UNKNOWN,TRUE,
Vukosavovic and Chalaf 2020: Fig. 2,Bipartite,Judah,FALSE,TRUE,FALSE,FALSE,TRUE,Triple-line,TRUE,Single-line,Horizontal,UNKNOWN,UNKNOWN,UNKNOWN,UNKNOWN,TRUE,TRUE,FALSE,FALSE,TRUE,TRUE
Vukosavovic and Chalaf 2020: Fig. 4,Bipartite,Judah,FALSE,TRUE,FALSE,FALSE,TRUE,Double-line,TRUE,Single-line?,Horizontal,UNKNOWN,UNKNOWN,UNKNOWN,UNKNOWN,FALSE,TRUE,FALSE,FALSE,TRUE,FALSE
WSS 0002,Exergual,Israel,TRUE,FALSE,FALSE,TRUE,TRUE,Single-line,TRUE,Single-line,Horizontal,Scaraboid,Stone,]60-80] %  ,FALSE,FALSE,,FALSE,,TRUE,
WSS 0008,Tripartite,Judah,TRUE,FALSE,FALSE,TRUE,TRUE,Double-line,TRUE,Double-line,Vertical,Scaraboid,Stone,]80-100] %,TRUE,TRUE,,FALSE,,TRUE,
WSS 0035,Plain iconic,Judah,TRUE,TRUE,FALSE,FALSE,FALSE,,TRUE,Single-line,Horizontal,Scaraboid,Organic,]80-100] %,TRUE,FALSE,FALSE,TRUE,FALSE,TRUE,TRUE
WSS 0052,Bipartite,Judah,FALSE,TRUE,FALSE,FALSE,TRUE,Double-line,TRUE,Single-line,Horizontal,Scaraboid,Stone,]80-100] %,TRUE,FALSE,FALSE,FALSE,TRUE,TRUE,TRUE
WSS 0059,Exergual,Judah,TRUE,TRUE,FALSE,FALSE,TRUE,Double-line,TRUE,Single-line,Vertical,Scarab,Stone,]80-100] %,TRUE,FALSE,FALSE,FALSE,FALSE,TRUE,FALSE
WSS 0070,Bipartite,Judah,FALSE,TRUE,FALSE,FALSE,TRUE,Double-line,TRUE,Single-line,Horizontal,Scaraboid,Stone,]60-80] %  ,TRUE,FALSE,TRUE,TRUE,FALSE,TRUE,TRUE
WSS 0071,Bipartite,Judah,FALSE,TRUE,FALSE,FALSE,TRUE,Double-line,TRUE,Single-line,Horizontal,Scaraboid,Stone,]60-80] %  ,TRUE,FALSE,TRUE,TRUE,FALSE,TRUE,TRUE
WSS 0072,Bipartite,Judah,FALSE,TRUE,FALSE,FALSE,TRUE,Lotus-bud,TRUE,Double-line,Horizontal,Scaraboid,Artificial,]60-80] %  ,TRUE,FALSE,TRUE,TRUE,FALSE,TRUE,TRUE
WSS 0085,Exergual,Israel,TRUE,FALSE,FALSE,FALSE,TRUE,Single-line,TRUE,Single-line,Vertical,Scaraboid,Stone,]60-80] %  ,FALSE,FALSE,,FALSE,,TRUE,
WSS 0094,Bipartite,Judah,FALSE,TRUE,FALSE,FALSE,TRUE,Double-line,TRUE,Single-line,Square,Square plaque,Stone,]80-100] %,TRUE,TRUE,TRUE,FALSE,FALSE,TRUE,FALSE
WSS 0111,Tripartite,Judah,FALSE,TRUE,TRUE,FALSE,TRUE,Double-line,TRUE,Single-line,Vertical,Scaraboid,Stone,]80-100] %,TRUE,TRUE,TRUE,FALSE,FALSE,TRUE,TRUE
WSS 0132,Bipartite,Judah,FALSE,TRUE,FALSE,FALSE,TRUE,Single-line,TRUE,Single-line,Horizontal,Scaraboid,Stone,]60-80] %  ,TRUE,TRUE,UNKNOWN,FALSE,UNKNOWN,TRUE,UNKNOWN
WSS 0147,Bipartite,Judah,FALSE,TRUE,FALSE,FALSE,TRUE,Double-line,TRUE,Single-line,Horizontal,Scaraboid,Stone,]80-100] %,TRUE,FALSE,FALSE,FALSE,TRUE,TRUE,FALSE
WSS 0150,Bipartite,Judah,FALSE,TRUE,FALSE,FALSE,TRUE,Double-line,TRUE,Single-line,Horizontal,Scaraboid,Stone,]80-100] %,TRUE,FALSE,TRUE,FALSE,FALSE,TRUE,FALSE
WSS 0160,Exergual,Israel,TRUE,FALSE,FALSE,FALSE,TRUE,Single-line,TRUE,Single-line,Vertical,Scaraboid,Stone,]60-80] %  ,FALSE,FALSE,,FALSE,,TRUE,
WSS 0172,Plain iconic,Judah,TRUE,FALSE,FALSE,FALSE,FALSE,,TRUE,Single-line,Square,Square stamp,Stone,]80-100] %,TRUE,FALSE,,FALSE,,FALSE,
WSS 0210,Bipartite,Judah,FALSE,TRUE,FALSE,FALSE,TRUE,Double-line,TRUE,Single-line,Horizontal,Scaraboid,Stone,]80-100] %,TRUE,FALSE,TRUE,TRUE,FALSE,FALSE,FALSE
WSS 0212,Bipartite,Judah,FALSE,TRUE,FALSE,FALSE,TRUE,Double-line,TRUE,Single-line,Horizontal,Scaraboid,Stone,]40-60] %  ,TRUE,TRUE,TRUE,FALSE,FALSE,TRUE,FALSE
WSS 0220,Bipartite,Judah,FALSE,TRUE,FALSE,FALSE,TRUE,Elongated rectangle,UNKNOWN,UNKNOWN,Horizontal,Eight-faceted flattened conoid,Stone,]40-60] %  ,TRUE,TRUE,TRUE,FALSE,FALSE,TRUE,TRUE
WSS 0224,Plain iconic,Israel,TRUE,FALSE,FALSE,FALSE,FALSE,,FALSE,,Horizontal,Scaraboid,Stone,]60-80] %  ,FALSE,FALSE,UNKNOWN,FALSE,UNKNOWN,TRUE,
WSS 0261,Bipartite,Judah,FALSE,TRUE,FALSE,FALSE,TRUE,Double-line,TRUE,Single-line,Horizontal,Scaraboid,Stone,]60-80] %  ,TRUE,TRUE,TRUE,FALSE,FALSE,TRUE,FALSE
WSS 0293,Bipartite,Judah,FALSE,TRUE,FALSE,FALSE,TRUE,Double-line,TRUE,Single-line,Horizontal,Polished pebble,Stone,]80-100] %,TRUE,TRUE,FALSE,FALSE,FALSE,TRUE,FALSE
WSS 0326,Bipartite,Judah,TRUE,FALSE,FALSE,FALSE,TRUE,Lotus-bud,TRUE,Single-line,Horizontal,Scaraboid,Stone,]80-100] %,TRUE,FALSE,,FALSE,,FALSE,
WSS 0350,Bipartite,Judah,FALSE,TRUE,FALSE,FALSE,TRUE,Double-line,TRUE,Single-line,Horizontal,Scaraboid,Stone,]80-100] %,TRUE,FALSE,FALSE,FALSE,FALSE,TRUE,FALSE
WSS 0360,Bipartite,Judah,FALSE,UNKNOWN,FALSE,FALSE,TRUE,Double-line,TRUE,Single-line,Horizontal,Scaraboid,Stone,]80-100] %,TRUE,UNKNOWN,UNKNOWN,FALSE,UNKNOWN,TRUE,FALSE
WSS 0385,Tripartite,Judah,TRUE,TRUE,FALSE,FALSE,TRUE,Double-line,TRUE,Single-line,Vertical,Scaraboid,Stone,]60-80] %  ,TRUE,TRUE,TRUE,FALSE,FALSE,TRUE,FALSE
WSS 0405,Bipartite,Judah,FALSE,FALSE,FALSE,TRUE,TRUE,Double-line,TRUE,Single-line,Horizontal,UNKNOWN,UNKNOWN,]60-80] %  ,UNKNOWN,TRUE,,FALSE,,TRUE,
WSS 0412,Bipartite,Judah,FALSE,FALSE,FALSE,TRUE,TRUE,Double-line,TRUE,Single-line,Horizontal,UNKNOWN,UNKNOWN,]60-80] %  ,UNKNOWN,TRUE,,FALSE,,TRUE,TRUE
WSS 0416,Bipartite,Judah,FALSE,FALSE,FALSE,TRUE,TRUE,UNKNOWN,UNKNOWN,UNKNOWN,Horizontal,UNKNOWN,UNKNOWN,]80-100] %,UNKNOWN,TRUE,,FALSE,,TRUE,UNKNOWN
WSS 0420,UNKNOWN,Judah,UNKNOWN,TRUE,FALSE,TRUE,TRUE,Double-line,UNKNOWN,UNKNOWN,Vertical,UNKNOWN,UNKNOWN,]80-100] %,UNKNOWN,UNKNOWN,FALSE,FALSE,FALSE,UNKNOWN,TRUE
WSS 0427,Bipartite,Judah,FALSE,TRUE,FALSE,FALSE,TRUE,Single-line,UNKNOWN,UNKNOWN,Horizontal,UNKNOWN,UNKNOWN,]80-100] %,UNKNOWN,FALSE,TRUE,FALSE,FALSE,TRUE,TRUE
WSS 0429,Bipartite,Judah,FALSE,TRUE,FALSE,FALSE,TRUE,Double-line,UNKNOWN,UNKNOWN,Horizontal,UNKNOWN,UNKNOWN,]60-80] %  ,UNKNOWN,FALSE,TRUE,FALSE,FALSE,TRUE,FALSE
WSS 0437,Bipartite,Judah,FALSE,TRUE,FALSE,FALSE,TRUE,Lotus-bud,TRUE,Single-line,Horizontal,UNKNOWN,UNKNOWN,]80-100] %,UNKNOWN,FALSE,FALSE,TRUE,FALSE,TRUE,TRUE
WSS 0440,Bipartite,Judah,FALSE,TRUE,FALSE,FALSE,TRUE,Double-line,UNKNOWN,UNKNOWN,Horizontal,UNKNOWN,UNKNOWN,]80-100] %,UNKNOWN,FALSE,FALSE,TRUE,FALSE,TRUE,TRUE
WSS 0441,Bipartite,Judah,FALSE,TRUE,FALSE,FALSE,TRUE,Lotus-bud,UNKNOWN,UNKNOWN,Horizontal,UNKNOWN,UNKNOWN,]80-100] %,UNKNOWN,FALSE,FALSE,TRUE,FALSE,TRUE,TRUE
WSS 0447,Bipartite,Judah,FALSE,TRUE,FALSE,FALSE,TRUE,Lotus-bud,TRUE,Single-line,Horizontal,UNKNOWN,UNKNOWN,]60-80] %  ,UNKNOWN,FALSE,TRUE,TRUE,FALSE,TRUE,TRUE
WSS 0448,Bipartite,Judah,FALSE,TRUE,FALSE,FALSE,TRUE,Double-line,TRUE,Double-line,Horizontal,UNKNOWN,UNKNOWN,]80-100] %,UNKNOWN,FALSE,TRUE,TRUE,FALSE,TRUE,TRUE
WSS 0450,Bipartite,Judah,FALSE,TRUE,FALSE,FALSE,TRUE,Double-line,TRUE,Single-line,Horizontal,UNKNOWN,UNKNOWN,]60-80] %  ,UNKNOWN,FALSE,TRUE,FALSE,FALSE,TRUE,FALSE
WSS 0458,Bipartite,Judah,FALSE,TRUE,FALSE,FALSE,TRUE,Double-line,TRUE,Single-line,Horizontal,UNKNOWN,UNKNOWN,]80-100] %,UNKNOWN,FALSE,TRUE,FALSE,FALSE,TRUE,TRUE
WSS 0459,Bipartite,Judah,FALSE,TRUE,FALSE,FALSE,TRUE,Double-line,TRUE,Single-line,Horizontal,UNKNOWN,UNKNOWN,]80-100] %,UNKNOWN,TRUE,TRUE,FALSE,FALSE,TRUE,TRUE
WSS 0463,Bipartite,Judah,FALSE,TRUE,FALSE,FALSE,TRUE,Lotus-bud,TRUE,Single-line,Horizontal,UNKNOWN,UNKNOWN,]80-100] %,UNKNOWN,TRUE,UNKNOWN,FALSE,FALSE,TRUE,TRUE
WSS 0464,Bipartite,Judah,FALSE,TRUE,FALSE,FALSE,TRUE,Biconcave,TRUE,Double-line,Horizontal,UNKNOWN,UNKNOWN,UNKNOWN,UNKNOWN,TRUE,UNKNOWN,FALSE,UNKNOWN,TRUE,TRUE
WSS 0466,Bipartite,Judah,FALSE,UNKNOWN,FALSE,FALSE,TRUE,TBD,UNKNOWN,UNKNOWN,Horizontal,UNKNOWN,UNKNOWN,]80-100] %,UNKNOWN,UNKNOWN,UNKNOWN,UNKNOWN,UNKNOWN,TRUE,UNKNOWN
WSS 0467,Bipartite,Judah,FALSE,TRUE,FALSE,FALSE,TRUE,Ladder pattern,TRUE,Single-line,Horizontal,UNKNOWN,UNKNOWN,]80-100] %,UNKNOWN,TRUE,FALSE,FALSE,FALSE,TRUE,TRUE
WSS 0469,Bipartite,Judah,FALSE,TRUE,FALSE,FALSE,TRUE,Double-line,TRUE,Single-line,Horizontal,UNKNOWN,UNKNOWN,]80-100] %,UNKNOWN,TRUE,FALSE,FALSE,FALSE,TRUE,TRUE
WSS 0470,Bipartite,Judah,FALSE,TRUE,FALSE,FALSE,TRUE,Double-line,TRUE,Double-line,Horizontal,UNKNOWN,UNKNOWN,]60-80] %  ,UNKNOWN,TRUE,FALSE,FALSE,FALSE,TRUE,TRUE
WSS 0474,Bipartite,Judah,FALSE,TRUE,FALSE,FALSE,TRUE,Double-line,TRUE,Single-line,Horizontal,UNKNOWN,UNKNOWN,UNKNOWN,UNKNOWN,TRUE,TRUE,FALSE,FALSE,TRUE,TRUE
WSS 0482,UNKNOWN,Judah,FALSE,UNKNOWN,UNKNOWN,UNKNOWN,TRUE,Double-line,TRUE,Single-line,Horizontal,UNKNOWN,UNKNOWN,]80-100] %,UNKNOWN,TRUE,UNKNOWN,FALSE,UNKNOWN,TRUE,UNKNOWN
WSS 0498,Bipartite,Judah,FALSE,TRUE,FALSE,FALSE,TRUE,Double-line,TRUE,Single-line,Horizontal,UNKNOWN,UNKNOWN,]80-100] %,UNKNOWN,TRUE,FALSE,FALSE,FALSE,TRUE,TRUE
WSS 0500,Bipartite,Judah,FALSE,TRUE,FALSE,FALSE,TRUE,Double-line,TRUE,Single-line,Horizontal,UNKNOWN,UNKNOWN,]80-100] %,UNKNOWN,FALSE,FALSE,FALSE,TRUE,TRUE,FALSE
WSS 0503,Bipartite,Judah,FALSE,TRUE,FALSE,FALSE,TRUE,Double-line,TRUE,Single-line,Horizontal,UNKNOWN,UNKNOWN,]60-80] %  ,UNKNOWN,TRUE,FALSE,FALSE,FALSE,TRUE,TRUE
WSS 0508,Bipartite,Judah,FALSE,TRUE,FALSE,FALSE,TRUE,Lotus-bud,UNKNOWN,UNKNOWN,Horizontal,UNKNOWN,UNKNOWN,]80-100] %,UNKNOWN,FALSE,FALSE,FALSE,FALSE,TRUE,TRUE
WSS 0509,Bipartite,Judah,FALSE,TRUE,FALSE,FALSE,TRUE,Triple-line,UNKNOWN,UNKNOWN,Horizontal,UNKNOWN,UNKNOWN,]80-100] %,UNKNOWN,FALSE,FALSE,FALSE,FALSE,TRUE,TRUE
WSS 0510,Bipartite,Judah,FALSE,TRUE,FALSE,FALSE,TRUE,Lotus-bud,TRUE,Single-line,Horizontal,UNKNOWN,UNKNOWN,]60-80] %  ,UNKNOWN,UNKNOWN,TRUE,UNKNOWN,FALSE,TRUE,TRUE
WSS 0511,Bipartite,Judah,FALSE,TRUE,FALSE,FALSE,TRUE,Lotus-bud,UNKNOWN,UNKNOWN,Horizontal,UNKNOWN,UNKNOWN,]80-100] %,UNKNOWN,TRUE,TRUE,FALSE,FALSE,TRUE,TRUE
WSS 0515,Bipartite,Judah,FALSE,TRUE,FALSE,FALSE,TRUE,Double-line,TRUE,Single-line,Horizontal,UNKNOWN,UNKNOWN,]60-80] %  ,UNKNOWN,TRUE,FALSE,FALSE,FALSE,TRUE,TRUE
WSS 0518,Bipartite,Judah,FALSE,TRUE,FALSE,FALSE,TRUE,Double-line,TRUE,Single-line,Horizontal,UNKNOWN,UNKNOWN,UNKNOWN,UNKNOWN,TRUE,UNKNOWN,FALSE,UNKNOWN,TRUE,TRUE
WSS 0523,Bipartite,Judah,FALSE,TRUE,FALSE,FALSE,TRUE,Double-line,TRUE,Single-line,Horizontal,UNKNOWN,UNKNOWN,]60-80] %  ,UNKNOWN,TRUE,FALSE,TRUE,FALSE,TRUE,FALSE
WSS 0524,Bipartite,Judah,FALSE,TRUE,FALSE,FALSE,TRUE,Double-line,UNKNOWN,UNKNOWN,Horizontal,UNKNOWN,UNKNOWN,UNKNOWN,UNKNOWN,TRUE,TRUE,FALSE,FALSE,TRUE,TRUE
WSS 0530,Plain aniconic,Judah,FALSE,TRUE,TRUE,FALSE,FALSE,,TRUE,Double-line,Horizontal,UNKNOWN,UNKNOWN,]60-80] %  ,UNKNOWN,TRUE,TRUE,FALSE,FALSE,TRUE,TRUE
WSS 0536,Plain aniconic,Judah,FALSE,FALSE,FALSE,FALSE,FALSE,,TRUE,Single-line,Horizontal,UNKNOWN,UNKNOWN,UNKNOWN,UNKNOWN,FALSE,,FALSE,,FALSE,
WSS 0541,Bipartite,Judah,FALSE,TRUE,FALSE,FALSE,TRUE,Double-line,UNKNOWN,UNKNOWN,Horizontal,UNKNOWN,UNKNOWN,]80-100] %,UNKNOWN,TRUE,FALSE,FALSE,FALSE,TRUE,TRUE
WSS 0568,Bipartite,Judah,FALSE,TRUE,FALSE,FALSE,TRUE,Triple-line,TRUE,Double-line,Horizontal,UNKNOWN,UNKNOWN,]80-100] %,UNKNOWN,TRUE,FALSE,FALSE,TRUE,TRUE,FALSE
WSS 0571,Bipartite,Judah,FALSE,TRUE,FALSE,FALSE,TRUE,Double-line,TRUE,Single-line,Horizontal,UNKNOWN,UNKNOWN,]80-100] %,UNKNOWN,FALSE,TRUE,FALSE,FALSE,TRUE,TRUE
WSS 0573,Bipartite,Judah,FALSE,TRUE,FALSE,FALSE,TRUE,Double-line,TRUE,Single-line,Horizontal,UNKNOWN,UNKNOWN,]80-100] %,UNKNOWN,FALSE,FALSE,FALSE,FALSE,TRUE,TRUE
WSS 0577,Bipartite,Judah,FALSE,UNKNOWN,FALSE,FALSE,TRUE,Double-line,UNKNOWN,UNKNOWN,Horizontal,UNKNOWN,UNKNOWN,UNKNOWN,UNKNOWN,TRUE,UNKNOWN,FALSE,UNKNOWN,TRUE,UNKNOWN
WSS 0581,Bipartite,Judah,FALSE,TRUE,FALSE,FALSE,TRUE,Biconcave,TRUE,Double-line,Horizontal,UNKNOWN,UNKNOWN,]80-100] %,UNKNOWN,TRUE,TRUE,FALSE,FALSE,TRUE,FALSE
WSS 0586,Bipartite,Judah,FALSE,TRUE,FALSE,FALSE,TRUE,Double-line,UNKNOWN,UNKNOWN,Horizontal,UNKNOWN,UNKNOWN,UNKNOWN,UNKNOWN,UNKNOWN,FALSE,UNKNOWN,FALSE,TRUE,TRUE
WSS 0588,Bipartite,Judah,FALSE,TRUE,FALSE,FALSE,TRUE,Double-line,UNKNOWN,UNKNOWN,Horizontal,UNKNOWN,UNKNOWN,UNKNOWN,UNKNOWN,FALSE,FALSE,FALSE,TRUE,TRUE,TRUE
WSS 0595,Bipartite,Judah,FALSE,TRUE,FALSE,FALSE,TRUE,Double-line,TRUE,Single-line,Horizontal,UNKNOWN,UNKNOWN,]60-80] %  ,UNKNOWN,TRUE,UNKNOWN,FALSE,UNKNOWN,TRUE,TRUE
WSS 0596,Bipartite,Judah,FALSE,TRUE,FALSE,FALSE,TRUE,Double-line,TRUE,Single-line,Horizontal,UNKNOWN,UNKNOWN,]80-100] %,UNKNOWN,TRUE,TRUE,FALSE,FALSE,TRUE,TRUE
WSS 0599,Bipartite,Judah,FALSE,TRUE,FALSE,FALSE,TRUE,Double-line,TRUE,Single-line,Horizontal,UNKNOWN,UNKNOWN,]80-100] %,UNKNOWN,FALSE,TRUE,FALSE,FALSE,TRUE,FALSE
WSS 0605,Bipartite,Judah,FALSE,TRUE,FALSE,FALSE,TRUE,Double-line,UNKNOWN,UNKNOWN,Horizontal,UNKNOWN,UNKNOWN,]80-100] %,UNKNOWN,UNKNOWN,TRUE,UNKNOWN,FALSE,TRUE,FALSE
WSS 0626,Bipartite,Judah,FALSE,TRUE,FALSE,FALSE,TRUE,Lotus-bud,UNKNOWN,UNKNOWN,Horizontal,UNKNOWN,UNKNOWN,]80-100] %,UNKNOWN,TRUE,FALSE,FALSE,FALSE,TRUE,TRUE
WSS 0636,Bipartite,Judah,FALSE,TRUE,FALSE,FALSE,TRUE,Lotus-bud,TRUE,Single-line,Horizontal,UNKNOWN,UNKNOWN,]60-80] %  ,UNKNOWN,TRUE,FALSE,FALSE,FALSE,TRUE,TRUE
WSS 0637,Bipartite,Judah,FALSE,TRUE,FALSE,FALSE,TRUE,Double-line,UNKNOWN,UNKNOWN,Horizontal,UNKNOWN,UNKNOWN,]80-100] %,UNKNOWN,TRUE,TRUE,FALSE,FALSE,TRUE,UNKNOWN
WSS 0638,Bipartite,Judah,FALSE,TRUE,FALSE,FALSE,TRUE,Double-line,TRUE,Double-line,Horizontal,UNKNOWN,UNKNOWN,]80-100] %,UNKNOWN,TRUE,TRUE,FALSE,FALSE,TRUE,TRUE
WSS 0639,Plain iconic,Judah,TRUE,UNKNOWN,FALSE,FALSE,FALSE,,UNKNOWN,UNKNOWN,Horizontal,UNKNOWN,UNKNOWN,UNKNOWN,UNKNOWN,UNKNOWN,UNKNOWN,UNKNOWN,UNKNOWN,TRUE,UNKNOWN
WSS 0643,Bipartite,Judah,FALSE,TRUE,FALSE,FALSE,TRUE,Double-line,UNKNOWN,UNKNOWN,Horizontal,UNKNOWN,UNKNOWN,]80-100] %,UNKNOWN,TRUE,TRUE,FALSE,FALSE,TRUE,TRUE
WSS 0644,Bipartite,Judah,FALSE,TRUE,FALSE,FALSE,TRUE,Double-line,TRUE,Single-line,Horizontal,UNKNOWN,UNKNOWN,]80-100] %,UNKNOWN,TRUE,FALSE,FALSE,FALSE,TRUE,TRUE
WSS 0660,Bipartite,Judah,FALSE,TRUE,FALSE,FALSE,TRUE,Double-line,UNKNOWN,UNKNOWN,Horizontal,UNKNOWN,UNKNOWN,]60-80] %  ,UNKNOWN,TRUE,FALSE,FALSE,UNKNOWN,UNKNOWN,UNKNOWN
WSS 0661,UNKNOWN,Judah,TRUE,TRUE,FALSE,FALSE,TRUE,Single-line,TRUE,Single-line,Vertical,UNKNOWN,UNKNOWN,UNKNOWN,UNKNOWN,UNKNOWN,UNKNOWN,UNKNOWN,UNKNOWN,TRUE,FALSE
WSS 0663,Bipartite,Judah,FALSE,FALSE,FALSE,TRUE,TRUE,Double-line,TRUE,Single-line,Horizontal,UNKNOWN,UNKNOWN,]60-80] %  ,UNKNOWN,FALSE,,TRUE,FALSE,TRUE,
WSS 0664,Bipartite,Judah,FALSE,TRUE,FALSE,FALSE,TRUE,Double-line,TRUE,Single-line,Horizontal,UNKNOWN,UNKNOWN,]80-100] %,UNKNOWN,FALSE,TRUE,FALSE,FALSE,TRUE,TRUE
WSS 0665,Bipartite,Judah,FALSE,TRUE,FALSE,FALSE,TRUE,Single-line,TRUE,Single-line,Horizontal,UNKNOWN,UNKNOWN,]60-80] %  ,UNKNOWN,TRUE,FALSE,FALSE,FALSE,FALSE,FALSE
WSS 0666,Bipartite,Judah,FALSE,TRUE,FALSE,FALSE,TRUE,Double-line,TRUE,Single-line,Circle,UNKNOWN,UNKNOWN,]80-100] %,UNKNOWN,FALSE,FALSE,FALSE,FALSE,TRUE,FALSE
WSS 0667,Bipartite,Judah,FALSE,TRUE,FALSE,FALSE,TRUE,Double-line,TRUE,Single-line,Horizontal,UNKNOWN,UNKNOWN,]80-100] %,UNKNOWN,FALSE,FALSE,FALSE,FALSE,FALSE,FALSE
WSS 0668,Bipartite,Judah,FALSE,TRUE,FALSE,FALSE,FALSE,,TRUE,UNKNOWN,UNKNOWN,UNKNOWN,UNKNOWN,UNKNOWN,UNKNOWN,FALSE,FALSE,FALSE,FALSE,UNKNOWN,UNKNOWN
WSS 0669,Plain aniconic,Israel,FALSE,FALSE,FALSE,FALSE,FALSE,,TRUE,Single-line,Horizontal,UNKNOWN,UNKNOWN,]60-80] %  ,UNKNOWN,TRUE,,FALSE,,FALSE,
WSS 0670,Bipartite,Judah,FALSE,TRUE,FALSE,FALSE,TRUE,Double-line,TRUE,Single-line,Horizontal,UNKNOWN,UNKNOWN,]80-100] %,UNKNOWN,FALSE,TRUE,FALSE,FALSE,TRUE,FALSE
WSS 0672,Bipartite,Judah,FALSE,TRUE,FALSE,FALSE,TRUE,Double-line,TRUE,Single-line,Horizontal,UNKNOWN,UNKNOWN,]80-100] %,UNKNOWN,TRUE,FALSE,FALSE,FALSE,UNKNOWN,FALSE
WSS 0673,Bipartite,Judah,FALSE,TRUE,FALSE,FALSE,TRUE,Double-line,TRUE,Single-line,Horizontal,UNKNOWN,UNKNOWN,]60-80] %  ,UNKNOWN,TRUE,FALSE,TRUE,FALSE,FALSE,FALSE
WSS 0674,Bipartite,Judah,FALSE,TRUE,FALSE,FALSE,TRUE,Double-line,TRUE,Single-line,Horizontal,UNKNOWN,UNKNOWN,]80-100] %,UNKNOWN,FALSE,FALSE,FALSE,FALSE,TRUE,FALSE
WSS 0675,Bipartite,Judah,FALSE,TRUE,FALSE,FALSE,TRUE,Double-line,TRUE,Single-line,Horizontal,UNKNOWN,UNKNOWN,]80-100] %,UNKNOWN,FALSE,UNKNOWN,FALSE,UNKNOWN,FALSE,FALSE
WSS 0676,Bipartite,Judah,FALSE,TRUE,FALSE,FALSE,TRUE,Single-line,TRUE,Single-line,Horizontal,UNKNOWN,UNKNOWN,]80-100] %,UNKNOWN,FALSE,FALSE,FALSE,FALSE,FALSE,FALSE
WSS 0677,Bipartite,Judah,FALSE,TRUE,FALSE,FALSE,TRUE,Double-line,TRUE,Single-line,Horizontal,UNKNOWN,UNKNOWN,]80-100] %,UNKNOWN,FALSE,TRUE,FALSE,FALSE,FALSE,FALSE
WSS 0678,Bipartite,Judah,FALSE,TRUE,FALSE,FALSE,TRUE,Double-line,TRUE,Single-line,Horizontal,UNKNOWN,UNKNOWN,]80-100] %,UNKNOWN,FALSE,TRUE,FALSE,FALSE,TRUE,FALSE
WSS 0679,Bipartite,Judah,FALSE,TRUE,FALSE,FALSE,TRUE,Double-line,TRUE,Single-line,Horizontal,UNKNOWN,UNKNOWN,]60-80] %  ,UNKNOWN,FALSE,FALSE,FALSE,FALSE,FALSE,FALSE
WSS 0680,Bipartite,Judah,FALSE,TRUE,FALSE,FALSE,TRUE,Double-line,TRUE,Single-line,Horizontal,UNKNOWN,UNKNOWN,]80-100] %,UNKNOWN,FALSE,FALSE,FALSE,TRUE,TRUE,FALSE
WSS 0681,Bipartite,Judah,FALSE,TRUE,FALSE,FALSE,TRUE,Double-line,TRUE,Single-line,Horizontal,UNKNOWN,UNKNOWN,]80-100] %,UNKNOWN,FALSE,TRUE,FALSE,FALSE,TRUE,FALSE
WSS 0682,Bipartite,Judah,FALSE,TRUE,FALSE,FALSE,TRUE,Double-line,TRUE,Single-line,Horizontal,UNKNOWN,UNKNOWN,]80-100] %,UNKNOWN,FALSE,TRUE,FALSE,FALSE,TRUE,FALSE
WSS 0683,Bipartite,Judah,FALSE,TRUE,FALSE,FALSE,TRUE,Single-line,TRUE,Single-line,Horizontal,UNKNOWN,UNKNOWN,]80-100] %,UNKNOWN,UNKNOWN,UNKNOWN,UNKNOWN,FALSE,TRUE,FALSE
WSS 0684,Bipartite,Judah,FALSE,TRUE,FALSE,FALSE,TRUE,Single-line,TRUE,Single-line,Horizontal,UNKNOWN,UNKNOWN,]60-80] %  ,UNKNOWN,FALSE,FALSE,FALSE,FALSE,TRUE,FALSE
WSS 0685,Plain iconic,Judah,TRUE,FALSE,FALSE,FALSE,FALSE,,UNKNOWN,UNKNOWN,Horizontal,UNKNOWN,UNKNOWN,UNKNOWN,UNKNOWN,FALSE,,FALSE,FALSE,TRUE,
WSS 0686,Bipartite,Judah,FALSE,TRUE,FALSE,FALSE,TRUE,Double-line,TRUE,Single-line,Horizontal?,UNKNOWN,UNKNOWN,]80-100] %,UNKNOWN,FALSE,FALSE,FALSE,FALSE,TRUE,FALSE
WSS 0687,Bipartite,Judah,FALSE,TRUE,FALSE,FALSE,TRUE,Double-line,TRUE,Single-line,Horizontal,UNKNOWN,UNKNOWN,]60-80] %  ,UNKNOWN,FALSE,FALSE,FALSE,FALSE,TRUE,FALSE
WSS 0688,Bipartite,Judah,FALSE,TRUE,FALSE,FALSE,TRUE,Double-line,TRUE,Single-line,Circle,UNKNOWN,UNKNOWN,]80-100] %,UNKNOWN,FALSE,TRUE,FALSE,FALSE,TRUE,FALSE
WSS 0689,Exergual,Judah,TRUE,TRUE,FALSE,FALSE,TRUE,Double-line,TRUE,Double-line,Vertical,UNKNOWN,UNKNOWN,]80-100] %,UNKNOWN,FALSE,TRUE,FALSE,FALSE,TRUE,FALSE
WSS 0690,Plain aniconic,Judah,FALSE,FALSE,FALSE,FALSE,FALSE,,TRUE,Single-line,Horizontal,UNKNOWN,UNKNOWN,UNKNOWN,UNKNOWN,FALSE,,FALSE,FALSE,TRUE,
WSS 0691,Bipartite,Judah,FALSE,TRUE,FALSE,FALSE,TRUE,Single-line,UNKNOWN,UNKNOWN,Horizontal,UNKNOWN,UNKNOWN,]80-100] %,UNKNOWN,FALSE,FALSE,FALSE,FALSE,TRUE,FALSE
WSS 0692,Plain aniconic,Israel,FALSE,FALSE,FALSE,FALSE,FALSE,,TRUE,Single-line,Horizontal,UNKNOWN,UNKNOWN,]60-80] %  ,UNKNOWN,TRUE,,FALSE,FALSE,TRUE,
WSS 0694,Bipartite,Judah,FALSE,TRUE,FALSE,FALSE,TRUE,Double-line,TRUE,Single-line,Horizontal,UNKNOWN,UNKNOWN,]80-100] %,UNKNOWN,FALSE,FALSE,FALSE,FALSE,TRUE,FALSE
WSS 0695,Bipartite,Judah,FALSE,TRUE,FALSE,FALSE,TRUE,Double-line,TRUE,Single-line,Horizontal,UNKNOWN,UNKNOWN,]60-80] %  ,UNKNOWN,FALSE,FALSE,FALSE,FALSE,TRUE,FALSE
WSS 0696,Bipartite,Judah,FALSE,TRUE,FALSE,FALSE,TRUE,Double-line,TRUE,Single-line,Horizontal,UNKNOWN,UNKNOWN,]80-100] %,UNKNOWN,FALSE,FALSE,FALSE,FALSE,FALSE,FALSE
WSS 0697,Bipartite,Judah,FALSE,TRUE,FALSE,FALSE,TRUE,Double-line,TRUE,Single-line,Horizontal,UNKNOWN,UNKNOWN,]80-100] %,UNKNOWN,FALSE,FALSE,FALSE,FALSE,FALSE,FALSE
WSS 0698,Bipartite,Judah,FALSE,TRUE,FALSE,FALSE,TRUE,Double-line,TRUE,Single-line,Horizontal,UNKNOWN,UNKNOWN,]80-100] %,UNKNOWN,FALSE,TRUE,FALSE,FALSE,FALSE,FALSE
WSS 0699,UNKNOWN,Judah,FALSE,TRUE,FALSE,FALSE,UNKNOWN,UNKNOWN,UNKNOWN,UNKNOWN,Horizontal,UNKNOWN,UNKNOWN,UNKNOWN,UNKNOWN,FALSE,TRUE,FALSE,FALSE,FALSE,FALSE
WSS 0700,Bipartite,Judah,FALSE,TRUE,FALSE,FALSE,TRUE,Double-line,TRUE,Single-line,Circle,UNKNOWN,UNKNOWN,]80-100] %,UNKNOWN,FALSE,TRUE,FALSE,FALSE,TRUE,FALSE
WSS 0701,Bipartite,Judah,FALSE,TRUE,FALSE,FALSE,TRUE,Double-line,TRUE,Single-line,Horizontal,UNKNOWN,UNKNOWN,]80-100] %,UNKNOWN,FALSE,FALSE,FALSE,FALSE,TRUE,FALSE
WSS 0702,Bipartite,Judah,FALSE,TRUE,FALSE,FALSE,TRUE,Double-line,UNKNOWN,UNKNOWN,Horizontal,UNKNOWN,UNKNOWN,]60-80] %  ,UNKNOWN,TRUE,TRUE,FALSE,FALSE,UNKNOWN,FALSE
WSS 0703,Bipartite,Judah,FALSE,TRUE,FALSE,FALSE,TRUE,Double-line,TRUE,Single-line,Horizontal,UNKNOWN,UNKNOWN,]80-100] %,UNKNOWN,TRUE,TRUE,FALSE,FALSE,UNKNOWN,FALSE
WSS 0704,Bipartite,Judah,FALSE,TRUE,FALSE,FALSE,TRUE,Single-line,TRUE,Single-line,Horizontal,UNKNOWN,UNKNOWN,]60-80] %  ,UNKNOWN,FALSE,FALSE,FALSE,FALSE,TRUE,FALSE
WSS 0705,Plain aniconic,Judah,FALSE,TRUE,FALSE,FALSE,FALSE,,TRUE,Single-line,Horizontal,UNKNOWN,UNKNOWN,]40-60] %  ,UNKNOWN,FALSE,FALSE,FALSE,FALSE,TRUE,FALSE
WSS 0706,Bipartite,Judah,FALSE,TRUE,FALSE,FALSE,TRUE,Double-line,TRUE,Single-line,Horizontal,UNKNOWN,UNKNOWN,]80-100] %,UNKNOWN,FALSE,FALSE,FALSE,FALSE,TRUE,FALSE
WSS 0707,Bipartite,Judah,FALSE,TRUE,FALSE,FALSE,TRUE,Double-line,TRUE,Single-line,Circle,UNKNOWN,UNKNOWN,]80-100] %,UNKNOWN,FALSE,FALSE,FALSE,FALSE,TRUE,FALSE
WSS 0708,Bipartite,Judah,FALSE,TRUE,FALSE,FALSE,TRUE,Double-line,TRUE,Single-line,Horizontal,UNKNOWN,UNKNOWN,]80-100] %,UNKNOWN,FALSE,FALSE,FALSE,FALSE,TRUE,FALSE
WSS 0709,UNKNOWN,Judah,FALSE,TRUE,FALSE,FALSE,TRUE,Double-line,FALSE,,Horizontal,UNKNOWN,UNKNOWN,UNKNOWN,UNKNOWN,UNKNOWN,UNKNOWN,UNKNOWN,UNKNOWN,UNKNOWN,UNKNOWN
WSS 0711,Exergual,Israel,TRUE,FALSE,FALSE,FALSE,TRUE,Single-line,TRUE,Single-line,Vertical,UNKNOWN,UNKNOWN,]60-80] %  ,UNKNOWN,UNKNOWN,,UNKNOWN,,UNKNOWN,
